Category,Drink Name,Size,Calories,Vitamin C (mg),Total Fat (g),Cholesterol (mg),Sodium (mg),Carbohydra te (g),Fiber (g),Sugar (g),Protein (g),Vitamin D,Calcium,Iron,Potassium
Milk Teas,Almond Milk Tea,Regular (16oz),323,0,14,1,98,50,1,29,1,0,18,0,0
Milk Teas,Almond Milk Tea,Large (24 oz),392,0,17,1,116,61,2,34,2,0,21,0,0
Milk Teas,Blue Sky Milk Tea,Large (22 oz),379,0,7,0,62,86,7,68,1,0,10,0,0
Milk Teas,Brown Sugar Milk Tea,Regular (16oz),232,0,10,0,135,34,1,19,1,0,12,0,44
Milk Teas,Brown Sugar Milk Tea,Large (24 oz),332,0,15,0,186,47,1,25,2,0,19,0,55
Milk Teas,Caramel Milk Tea,Regular (16oz),299,7,8,7,158,57,1,43,2,0,11,0,55
Milk Teas,Caramel Milk Tea,Large (24 oz),390,9,11,9,209,73,1,54,2,0,15,0,55
Milk Teas,Classic Milk Tea,Regular (16oz),306,0,11,0,85,51,1,36,1,0,17,0,353
Milk Teas,Classic Milk Tea,Large (24 oz),394,0,14,0,106,67,2,47,1,0,21,0,441
Milk Teas,Coﬀee Milk Tea (Duet),Regular (16oz),238,0,55,0,108,35,5,24,2,0,0,0,0
Milk Teas,Coﬀee Milk Tea (Duet),Large (24 oz),332,0,76,0,151,48,7,34,2,0,0,0,0
Milk Teas,Dirty Horchata,Regular (16oz),177,1,5,12,198,29,0,26,4,1,146,0,181
Milk Teas,Dirty Horchata,Large (24 oz),315,1,8,16,363,54,0,50,6,2,217,0,327
Milk Teas,Earl Grey Milk Tea,Regular (16oz),269,0,11,0,72,43,1,28,1,0,12,0,0
Milk Teas,Earl Grey Milk Tea,Large (24 oz),348,0,13,0,78,58,1,42,1,0,12,0,0
Milk Teas,Fresh Lemon Black Tea,Regular (16oz),87,5,0,0,11,22,0,21,0,0,4,0,17
Milk Teas,Fresh Lemon Black Tea,Large (24 oz),117,6,0,0,16,29,0,28,0,0,6,0,23
Milk Teas,Fresh Milk (Black) Tea,Regular (16oz),165,1,5,18,65,27,0,27,4,2,150,0,0
Milk Teas,Fresh Milk (Black) Tea,Large (24 oz),237,2,7,26,98,39,0,38,6,3,225,0,0
Milk Teas,Fresh Milk (Jasmine) Tea,Regular (16oz),205,2,6,22,81,34,0,34,5,2,188,0,0
Milk Teas,Fresh Milk (Jasmine) Tea,Large (24 oz),285,2,8,31,114,47,0,46,7,3,263,0,0
Milk Teas,Fresh Milk (Oolong) Tea,Regular (16oz),171,1,5,18,65,29,0,29,4,2,150,0,10
Milk Teas,Fresh Milk (Oolong) Tea,Large (24 oz),237,2,7,26,98,39,0,38,6,3,225,0,15
Milk Teas,Fresh Strawberry Milk,Regular (16oz),196,23,10,39,147,18,1,17,9,4,338,0,54
Milk Teas,Fresh Strawberry Milk,Large (24 oz),245,43,12,47,177,24,1,22,11,5,405,0,108
Milk Teas,Hokkaido Milk Tea,Regular (16oz),294,0,10,0,138,45,1,30,1,0,11,0,44
Milk Teas,Hokkaido Milk Tea,Large (24 oz),367,0,13,0,172,56,1,37,2,0,14,0,44
Milk Teas,Honey Green Milk Tea,Regular (16oz),230,0,7,0,56,41,1,29,1,0,11,0,0
Milk Teas,Honey Green Milk Tea,Large (24 oz),347,0,12,0,90,60,1,41,1,0,18,0,0
Milk Teas,Honey Milk Tea,Regular (16oz),357,0,11,0,92,65,1,46,1,0,17,0,88
Milk Teas,Honey Milk Tea,Large (24 oz),431,0,14,0,112,77,2,54,1,0,21,0,88
Milk Teas,Honeydew Milk Tea,Regular (16oz),258,0,8,0,63,46,1,32,1,0,8,0,0
Milk Teas,Honeydew Milk Tea,Large (24 oz),343,0,11,0,85,61,1,42,2,0,11,0,0
Milk Teas,House Milk Tea,Regular (16oz),205,0,8,0,5,34,1,18,0,0,0,0,0
Milk Teas,House Milk Tea,Large (24 oz),281,0,11,0,7,47,1,25,0,0,0,0,0
Milk Teas,Jasmine Milk Tea,Regular (16oz),230,0,7,0,56,41,1,31,1,0,11,0,0
Milk Teas,Jasmine Milk Tea,Large (24 oz),354,0,12,0,90,62,1,46,1,0,18,0,0
Milk Teas,Jasmine Matcha Milk Tea,Regular (16oz),248,2,8,31,114,38,0,30,10,3,263,0,0
Milk Teas,Jasmine Matcha Milk Tea,Large (24 oz),313,3,11,44,163,45,0,35,14,5,375,0,0
Milk Teas,Lavender Milk Tea,Regular (16oz),304,0,12,0,90,47,1,26,1,0,11,0,0
Milk Teas,Lavender Milk Tea,Large (24 oz),417,0,18,0,131,63,2,32,2,0,17,0,0
Milk Teas,Lychee Milk Tea,Regular (16oz),248,0,7,0,84,45,1,31,1,0,11,0,235
Milk Teas,Lychee Milk Tea,Large (24 oz),344,0,12,0,123,59,1,38,1,0,18,0,382
Milk Teas,Lychee Milk Tea w/ Lychee Bits,Regular (16oz),250,1,7,0,84,46,1,31,1,0,11,0,235
Milk Teas,Lychee Milk Tea w/ Lychee Bits,Large (24 oz),342,4,11,0,117,61,1,40,1,0,19,0,352
Milk Teas,Mango Milk Tea,Regular (16oz),295,0,7,0,88,57,1,34,1,0,11,0,0
Milk Teas,Mango Milk Tea,Large (24 oz),360,0,7,0,101,73,1,45,1,0,11,0,0
Milk Teas,Matcha Milk Tea,Regular (16oz),248,2,8,31,114,38,0,30,10,3,263,0,0
Milk Teas,Matcha Milk Tea,Large (24 oz),313,3,11,44,163,45,0,35,14,5,375,0,0
Milk Teas,Matchata,Regular (16oz),174,0,3,0,195,36,0,29,3,0,48,0,190
Milk Teas,Matchata,Large (24 oz),231,0,3,0,255,48,0,37,4,0,63,0,248
Milk Teas,Okinawa Milk Tea,Regular (16oz),238,0,10,0,140,35,1,21,1,0,11,0,235
Milk Teas,Okinawa Milk Tea,Large (24 oz),328,0,14,0,189,48,1,27,2,0,17,0,353
Milk Teas,Oreo Milk Tea,Regular (16oz),355,0,13,0,126,59,1,40,1,0,17,0,406
Milk Teas,Oreo Milk Tea,Large (24 oz),460,0,18,0,167,76,2,51,2,0,22,0,523
Milk Teas,Pistachio Matcha Milk Tea,Regular (16oz),286,2,14,22,129,36,0,30,6,2,188,0,0
Milk Teas,Pistachio Matcha Milk Tea,Large (24 oz),339,2,16,31,162,43,0,37,8,3,263,0,0
Milk Teas,Pistachio Milk Tea,Regular (16oz),250,1,13,20,121,29,0,23,5,2,169,0,0
Milk Teas,Pistachio Milk Tea,Large (24 oz),460,2,24,31,210,55,0,43,9,3,263,0,0
Milk Teas,Red Bean Milk Tea,Regular (16oz),211,0,6,0,81,37,6,25,2,0,0,0,0
Milk Teas,Red Bean Milk Tea,Large (24 oz),318,0,10,0,121,56,9,36,3,0,0,0,0
Milk Teas,Roasted Oolong Milk Tea,Regular (16oz),308,0,12,0,90,51,1,35,1,0,18,0,25
Milk Teas,Roasted Oolong Milk Tea,Large (24 oz),423,0,15,0,118,71,2,50,1,0,23,0,25
Milk Teas,Rose Matcha Milk Tea,Regular (16oz),277,2,8,31,114,45,0,17,10,3,263,0,0
Milk Teas,Rose Matcha Milk Tea,Large (24 oz),339,3,10,37,138,55,0,21,12,4,319,0,0
Milk Teas,Rose Milk Tea,Regular (16oz),206,0,7,0,57,34,1,10,1,0,11,0,19
Milk Teas,Rose Milk Tea,Large (24 oz),285,0,10,0,79,48,1,14,1,0,15,0,26
Milk Teas,Strawberry Matcha Milk Tea,Regular (16oz),242,3,9,35,130,34,0,26,10,4,300,0,0
Milk Teas,Strawberry Matcha Milk Tea,Large (24 oz),304,3,10,39,146,46,0,34,12,4,338,0,0
Milk Teas,Strawberry Milk Tea,Regular (16oz),296,7,11,0,117,49,1,33,1,0,17,0,18
Milk Teas,Strawberry Milk Tea,Large (24 oz),384,7,14,0,153,63,2,42,1,0,22,0,18
Milk Teas,Taro Milk Tea,Regular (16oz),225,0,11,0,109,33,1,17,1,0,10,0,206
Milk Teas,Taro Milk Tea,Large (24 oz),292,0,13,0,143,45,1,24,1,0,10,0,206
Milk Teas,Thai Tea,Regular (16oz),314,0,11,57,4,38,4,42,0,0,152,0,0
Milk Teas,Thai Tea,Large (24 oz),465,0,17,84,6,57,6,62,0,0,224,0,0
Milk Teas,Tiger Sugar Milk,Regular (16oz),232,2,8,31,121,34,0,33,7,3,263,0,0
Milk Teas,Tiger Sugar Milk,Large (24 oz),350,4,14,53,204,47,0,46,12,6,450,0,0
Milk Teas,Tiger Sugar Black Tea LaOe,Regular (16oz),192,1,5,20,81,32,0,32,4,2,169,0,0
Milk Teas,Tiger Sugar Black Tea LaOe,Large (24 oz),308,2,8,30,125,52,0,52,7,3,259,0,0
Milk Teas,Wintermelon Milk Tea,Regular (16oz),300,0,12,0,91,49,1,31,1,0,18,0,0
Milk Teas,Wintermelon Milk Tea,Large (24 oz),367,0,14,0,106,62,2,41,1,0,21,0,0
Iced Teas / Iced Fruit Teas,BuOerﬂy Lemonade,Regular (16oz),99,0,0,0,12,25,0,24,0,0,3,0,5
Iced Teas / Iced Fruit Teas,BuOerﬂy Lemonade,Large (24 oz),136,0,0,0,19,34,0,33,0,0,4,0,8
Iced Teas / Iced Fruit Teas,Fresh Lemon Black Tea,Regular (16oz),87,5,0,0,11,22,0,21,0,0,4,0,17
Iced Teas / Iced Fruit Teas,Fresh Lemon Black Tea,Large (24 oz),117,6,0,0,16,29,0,28,0,0,6,0,23
Iced Teas / Iced Fruit Teas,Grapefruit Iced Tea,Large (22 oz),106,16,0,0,0,28,1,24,0,0,0,0,0
Iced Teas / Iced Fruit Teas,Guava Iced Tea,Regular (16oz),130,0,0,0,24,33,0,30,0,0,1,0,25
Iced Teas / Iced Fruit Teas,Guava Iced Tea,Large (24 oz),171,0,0,0,31,43,0,39,0,0,2,0,31
Iced Teas / Iced Fruit Teas,Hibiscus Berry Lemonade,Regular (16oz),98,1,0,0,12,24,0,22,0,0,1,0,11
Iced Teas / Iced Fruit Teas,Hibiscus Berry Lemonade,Large (24 oz),126,1,0,0,14,31,0,28,0,0,1,0,11
Iced Teas / Iced Fruit Teas,Honey Iced Tea,Regular (16oz),131,0,0,0,0,32,0,29,0,0,0,0,0
Iced Teas / Iced Fruit Teas,Honey Iced Tea,Large (24 oz),184,0,0,0,0,45,0,41,0,0,0,0,0
Iced Teas / Iced Fruit Teas,Honey Lemon Iced Tea,Regular (16oz),128,9,0,0,9,32,0,28,0,0,5,0,28
Iced Teas / Iced Fruit Teas,Honey Lemon Iced Tea,Large (24 oz),169,9,0,0,11,42,0,38,0,0,5,0,29
Iced Teas / Iced Fruit Teas,Lychee Iced Tea,Regular (16oz),70,0,0,0,16,17,0,14,0,0,0,0,0
Iced Teas / Iced Fruit Teas,Lychee Iced Tea,Large (24 oz),113,0,0,0,26,28,0,23,0,0,0,0,0
Iced Teas / Iced Fruit Teas,Mango Iced Tea,Regular (16oz),117,0,0,0,23,29,0,20,0,0,0,0,0
Iced Teas / Iced Fruit Teas,Mango Iced Tea,Large (24 oz),182,0,0,0,35,45,0,31,0,0,0,0,0
Iced Teas / Iced Fruit Teas,Mixed Fruit Tea,Large (22 oz),164,69,0,0,44,43,1,33,1,0,6,0,95
Iced Teas / Iced Fruit Teas,Orange Passion (Fruit) Tea,Regular (16oz),107,12,0,0,9,43,0,23,0,0,2,0,0
Iced Teas / Iced Fruit Teas,Orange Passion (Fruit) Tea,Large (24 oz),141,12,0,0,12,57,0,30,1,0,2,0,0
Iced Teas / Iced Fruit Teas,Passion Fruit Iced Tea,Regular (16oz),132,0,0,0,28,32,0,31,1,0,0,0,0
Iced Teas / Iced Fruit Teas,Passion Fruit Iced Tea,Large (24 oz),203,0,0,0,43,50,0,47,1,0,0,0,0
Iced Teas / Iced Fruit Teas,Passion Mango Fruit Tea,Large (22 oz),185,17,0,0,24,45,1,40,1,0,5,0,79
Iced Teas / Iced Fruit Teas,Passion Mango Fruit Tea,Regular (16oz),93,0,0,0,29,22,0,20,0,0,0,0,0
Iced Teas / Iced Fruit Teas,Peach Iced Tea,Large (24 oz),125,0,0,0,39,29,0,27,0,0,0,0,0
Iced Teas / Iced Fruit Teas,Peach Lemonade Mojito Iced Tea,Regular (16oz),104,0,0,0,15,26,0,25,0,0,0,0,0
Iced Teas / Iced Fruit Teas,Peach Lemonade Mojito Iced Tea,Large (24 oz),150,0,0,0,21,37,0,35,0,0,0,0,0
Iced Teas / Iced Fruit Teas,Peach Lychee (Fruit) Iced tea,Regular (16oz),120,4,0,0,29,29,0,26,0,0,2,0,0
Iced Teas / Iced Fruit Teas,Peach Lychee (Fruit) Iced tea,Large (24 oz),154,4,0,0,38,37,0,33,0,0,2,0,0
Iced Teas / Iced Fruit Teas,Peach Strawberry Fruit Tea,Regular (16oz),118,13,0,0,29,28,1,27,1,0,0,0,36
Iced Teas / Iced Fruit Teas,Peach Strawberry Fruit Tea,Large (24 oz),175,15,0,0,42,42,1,39,1,0,0,0,40
Iced Teas / Iced Fruit Teas,Sparking Grapefruit w/ Aloe Vera,Large (22 oz),189,16,0,0,0,49,1,45,0,0,12,0,6
Iced Teas / Iced Fruit Teas,Strawberry Fruit Tea,Large (22 oz),122,0,0,0,17,29,2,28,2,0,0,0,0
Iced Teas / Iced Fruit Teas,Strawberry Iced Tea,Regular (16oz),113,0,0,0,0,28,0,24,0,0,0,0,0
Iced Teas / Iced Fruit Teas,Strawberry Iced Tea,Large (24 oz),153,0,0,0,0,38,0,32,0,0,0,0,0
Iced Teas / Iced Fruit Teas,Strawberry Lemonade,Regular (16oz),127,13,0,0,10,32,1,28,0,0,2,0,41
Iced Teas / Iced Fruit Teas,Strawberry Lemonade,Large (24 oz),167,13,0,0,14,42,1,37,1,0,3,0,42
Iced Teas / Iced Fruit Teas,Sunset Iced Tea,Large (22 oz),377,0,0,0,40,92,0,87,2,0,0,0,0
Iced Teas / Iced Fruit Teas,Watermelon Fruit Tea,Large (22 oz),121,11,0,0,1,31,1,28,1,0,0,1,159
Iced Teas / Iced Fruit Teas,Yuzu Honey Iced Tea,Regular (16oz),84,210,0,0,21,21,0,17,0,0,0,0,0
Iced Teas / Iced Fruit Teas,Yuzu Honey Iced Tea,Large (24 oz),120,300,0,0,30,30,0,24,0,0,0,0,0
Iced Teas / Iced Fruit Teas,Sparkling Matcha Lemonade,Large (22 oz),113,3,0,0,19,28,0,25,1,0,5,0,16
Smoothies,Acai Smoothie,Regular (16oz),258,139,3,0,13,61,5,46,1,0,60,2,743
Smoothies,Acai Smoothie,Large (24 oz),347,191,3,0,18,83,7,62,1,0,76,3,1055
Smoothies,Avocado Smoothie,Regular (16oz),385,8,17,16,65,55,6,48,5,2,153,1,437
Smoothies,Avocado Smoothie,Large (24 oz),540,12,25,20,83,77,9,66,7,2,196,1,655
Smoothies,Banana Smoothie,Regular (16oz),305,10,6,8,140,64,3,45,3,1,68,0,406
Smoothies,Banana Smoothie,Large (24 oz),433,15,8,10,195,92,4,64,5,1,83,0,586
Smoothies,Blueberry Yogurt Smoothie,Regular (16oz),365,6,6,24,111,73,1,71,9,3,203,0,31
Smoothies,Blueberry Yogurt Smoothie,Large (24 oz),494,7,8,32,149,99,1,96,12,3,270,0,34
Smoothies,Coconut Strawberry Smoothie,Regular (16oz),408,10,22,52,161,47,2,39,7,1,263,0,25
Smoothies,Coconut Strawberry Smoothie,Large (24 oz),577,12,31,70,218,67,3,55,10,2,350,0,29
Smoothies,Dragon Fruit Smoothie,Regular (16oz),254,51,1,0,9,62,8,40,2,0,15,1,743
Smoothies,Dragon Fruit Smoothie,Large (24 oz),283,67,1,0,13,69,8,47,2,0,15,1,800
Smoothies,Hokkaido Smoothie,Regular (16oz),454,0,16,23,198,68,5,52,3,0,90,0,0
Smoothies,Hokkaido Smoothie,Large (24 oz),520,0,18,23,226,79,6,60,4,0,90,0,0
Smoothies,Honeydew Smoothie,Regular (16oz),405,1,14,34,137,65,0,54,6,1,191,0,0
Smoothies,Honeydew Smoothie,Large (24 oz),630,1,23,61,224,98,0,81,9,2,315,0,0
Smoothies,Honey Milk Smoothie,Regular (16oz),434,1,13,20,345,69,0,50,5,2,169,0,0
Smoothies,Honey Milk Smoothie,Large (24 oz),529,2,16,24,420,84,0,61,5,3,203,0,0
Smoothies,Horchata Smoothie,Regular (16oz),406,1,14,38,387,62,0,57,7,2,292,0,263
Smoothies,Horchata Smoothie,Large (24 oz),524,1,19,52,488,79,0,73,9,2,380,0,321
Smoothies,Kale Green Smoothie,Regular (16oz),163,121,1,0,28,40,3,24,2,0,44,0,537
Smoothies,Kale Green Smoothie,Large (24 oz),251,156,1,0,30,62,5,37,3,0,44,0,817
Smoothies,Lychee Smoothie,Regular (16oz),258,10,4,16,97,51,0,45,4,2,140,0,0
Smoothies,Lychee Smoothie,Large (24 oz),365,14,5,20,131,75,0,66,5,2,176,0,0
Smoothies,Mango Banana Smoothie,Regular (16oz),295,6,3,12,59,65,2,53,3,1,108,0,180
Smoothies,Mango Banana Smoothie,Large (24 oz),388,6,4,16,81,86,2,70,4,2,143,0,180
Smoothies,Mango Smoothie,Regular (16oz),150,1,2,10,36,31,1,30,2,1,83,0,0
Smoothies,Mango Smoothie,Large (24 oz),217,2,3,13,49,46,1,44,3,1,113,0,0
Smoothies,Milk Tea Smoothie,Regular (16oz),358,0,12,0,154,60,6,39,1,0,0,0,0
Smoothies,Milk Tea Smoothie,Large (24 oz),443,0,15,0,208,74,7,49,1,0,0,0,0
Smoothies,Mixed Grain Smoothie,Regular (16oz),423,1,13,42,132,66,1,41,11,2,259,0,0
Smoothies,Mixed Grain Smoothie,Large (24 oz),547,2,15,50,161,87,2,53,14,3,326,0,0
Smoothies,PB Choco Banana Smoothie,Regular (16oz),435,5,14,30,153,71,2,60,7,1,158,0,180
Smoothies,PB Choco Banana Smoothie,Large (24 oz),573,5,18,34,200,95,2,82,9,1,191,0,180
Smoothies,Peach Kiwi Smoothie,Regular (16oz),211,38,3,12,83,42,2,38,3,1,113,0,125
Smoothies,Peach Kiwi Smoothie,Large (24 oz),236,38,3,12,89,48,2,44,3,1,113,0,125
Smoothies,Peach Mango Smoothie,Regular (16oz),229,1,3,12,80,47,1,39,3,1,101,0,0
Smoothies,Peach Mango Smoothie,Large (24 oz),313,2,4,16,107,65,1,54,4,2,135,0,0
Smoothies,Peach Smoothie,Regular (16oz),218,2,3,12,89,44,1,43,3,1,101,0,0
Smoothies,Peach Smoothie,Large (24 oz),271,2,4,16,112,54,1,53,4,2,135,0,0
Smoothies,Pinacolada Smoothie,Regular (16oz),279,33,6,16,106,51,1,46,4,2,284,0,75
Smoothies,Pinacolada Smoothie,Large (24 oz),393,55,9,20,141,73,1,65,5,2,392,0,119
Smoothies,Pineapple Banana Smoothie,Regular (16oz),220,33,2,8,53,48,1,45,2,1,68,0,41
Smoothies,Pineapple Banana Smoothie,Large (24 oz),281,44,3,12,72,60,1,56,3,1,101,0,54
Smoothies,Pineapple Mango Smoothie,Regular (16oz),223,32,2,8,68,49,1,40,2,1,68,0,39
Smoothies,Pineapple Mango Smoothie,Large (24 oz),348,43,4,16,116,74,1,60,4,2,135,0,53
Smoothies,Pineapple Smoothie,Regular (16oz),209,44,2,8,76,44,1,41,2,1,68,0,54
Smoothies,Pineapple Smoothie,Large (24 oz),313,66,3,12,114,66,1,61,3,1,101,0,81
Smoothies,Red Bean Smoothie,Regular (16oz),464,1,15,32,174,70,2,66,14,1,181,0,0
Smoothies,Red Bean Smoothie,Large (24 oz),661,1,19,36,234,103,4,98,20,2,215,0,0
Smoothies,Strawberry Banana Smoothie,Regular (16oz),187,43,2,7,37,42,2,37,3,1,74,1,302
Smoothies,Strawberry Banana Smoothie,Large (24 oz),234,50,2,9,49,52,2,48,3,1,92,1,326
Smoothies,Strawberry Kiwi Smoothie,Regular (16oz),152,96,2,8,53,32,2,27,2,1,101,1,341
Smoothies,Strawberry Kiwi Smoothie,Large (24 oz),203,125,3,12,75,42,3,36,3,1,146,1,449
Smoothies,Strawberry Mango Smoothie,Regular (16oz),219,66,3,12,71,46,2,39,3,1,132,1,240
Smoothies,Strawberry Mango Smoothie,Large (24 oz),317,99,4,16,99,68,3,57,5,2,180,1,360
Smoothies,Strawberry Peach Smoothie,Regular (16oz),200,98,2,8,68,44,2,43,3,1,104,1,360
Smoothies,Strawberry Peach Smoothie,Large (24 oz),296,150,3,12,101,65,3,63,4,1,156,2,552
Smoothies,Strawberry Pineapple Smoothie,Regular (16oz),199,138,2,8,64,44,3,40,2,1,106,1,426
Smoothies,Strawberry Pineapple Smoothie,Large (24 oz),286,191,3,12,95,63,4,57,4,1,155,2,596
Smoothies,Strawberry Smoothie,Regular (16oz),191,66,3,12,79,38,1,41,5,1,125,1,240
Smoothies,Strawberry Smoothie,Large (24 oz),255,89,4,16,105,51,2,54,6,2,167,1,324
Smoothies,Strawberry Yogurt Smoothie,Regular (16oz),354,21,6,24,111,70,1,68,9,3,203,0,54
Smoothies,Strawberry Yogurt Smoothie,Large (24 oz),481,23,8,32,149,96,1,94,12,3,270,0,58
Smoothies,Taro Smoothie,Regular (16oz),380,1,17,31,204,56,0,21,4,1,183,0,0
Smoothies,Taro Smoothie,Large (24 oz),498,1,21,33,262,77,0,26,5,2,201,0,0
Smoothies,Thai Tea Smoothie,Regular (16oz),319,0,13,40,76,42,2,40,2,0,130,0,0
Smoothies,Thai Tea Smoothie,Large (24 oz),424,0,17,48,94,58,2,55,3,0,150,0,0
Smoothies,Tiger Sugar Milk Smoothie,Regular (16oz),307,2,8,24,157,52,0,48,5,3,203,0,0
Smoothies,Tiger Sugar Milk Smoothie,Large (24 oz),390,2,10,28,204,67,0,61,6,3,236,0,0
Smoothies,Yogurt Smoothie,Regular (16oz),342,2,6,24,111,67,0,66,9,3,203,0,0
Smoothies,Yogurt Smoothie,Large (24 oz),468,2,8,32,149,93,0,92,12,3,270,0,0
Slush,Chamango,Regular (16oz),289,36,0,0,1042,70,3,50,1,0,18,1,226
Slush,Chamango,Large (24 oz),370,41,0,0,1475,90,4,64,1,0,19,1,250
Slush,Grapefruit Slush,Regular (16oz),111,16,0,0,0,29,1,26,0,0,0,0,0
Slush,Grapefruit Slush,Large (24 oz),159,16,0,0,0,42,1,38,0,0,0,0,0
Slush,Green Apple Slush,Regular (16oz),201,0,0,0,52,49,0,47,0,0,0,0,0
Slush,Green Apple Slush,Large (24 oz),302,0,0,0,78,73,0,71,0,0,0,0,0
Slush,Honeydew Slush,Regular (16oz),454,0,13,0,96,86,1,62,2,0,8,0,176
Slush,Honeydew Slush,Large (24 oz),558,0,16,0,120,104,1,75,3,0,11,0,235
Slush,Kiwi Slush,Regular (16oz),226,37,0,0,46,55,1,51,0,0,12,0,125
Slush,Kiwi Slush,Large (24 oz),327,37,0,0,69,79,1,74,0,0,12,0,125
Slush,Lychee Slush,Regular (16oz),224,5,0,0,37,55,0,49,0,0,3,0,0
Slush,Lychee Slush,Large (24 oz),332,6,0,0,56,81,0,73,0,0,4,0,0
Slush,Mango Cream Slush,Regular (16oz),299,9,8,33,152,54,1,40,0,0,5,0,38
Slush,Mango Cream Slush,Large (24 oz),405,17,11,45,204,73,2,55,0,0,8,0,77
Slush,Mango Slush,Regular (16oz),182,0,0,0,33,45,0,32,0,0,3,0,0
Slush,Mango Slush,Large (24 oz),253,0,0,0,45,63,0,44,0,0,4,0,0
Slush,Milk Tea Slush,Regular (16oz),406,0,19,23,159,57,10,38,3,0,90,0,0
Slush,Milk Tea Slush,Large (24 oz),514,0,24,23,196,73,14,48,3,0,90,0,0
Slush,Mixed Grain Slush,Regular (16oz),318,0,1,0,0,71,1,50,4,0,0,0,0
Slush,Mixed Grain Slush,Large (24 oz),467,0,3,0,0,101,3,58,8,0,0,0,0
Slush,Orange Mango Slush,Regular (16oz),129,8,0,0,15,57,0,27,0,0,5,0,38
Slush,Orange Mango Slush,Large (24 oz),190,12,0,0,22,83,1,39,0,0,7,0,58
Slush,Orange Slush,Regular (16oz),142,24,0,0,9,85,0,29,0,0,5,0,0
Slush,Orange Slush,Large (24 oz),205,24,0,0,14,126,0,44,0,0,8,0,0
Slush,,Regular (16oz),146,0,0,0,49,36,0,34,0,0,0,0,0
Slush,Passion Fruit Slush,Large (24 oz),178,0,0,0,59,44,0,71,0,0,0,0,0
Slush,Peach Mango Slush,Regular (16oz),209,0,0,0,46,51,0,40,0,0,3,0,0
Slush,Peach Mango Slush,Large (24 oz),260,1,0,0,57,63,1,50,0,0,3,0,0
Slush,Peach Slush,Regular (16oz),185,0,0,0,47,43,0,42,0,0,0,0,0
Slush,Peach Slush,Large (24 oz),264,1,0,0,70,62,1,59,0,0,0,0,0
Slush,Pineapple Slush,Regular (16oz),218,32,0,0,47,52,1,50,0,0,0,0,41
Slush,Pineapple Slush,Large (24 oz),323,43,0,0,70,78,1,74,0,0,0,0,54
Slush,Strawberry Cream Slush,Regular (16oz),313,81,12,48,769,47,3,45,3,0,52,1,300
Slush,Strawberry Cream Slush,Large (24 oz),378,130,12,48,780,64,5,61,4,0,70,2,480
Slush,Strawberry Slush,Regular (16oz),139,71,0,0,35,34,1,37,2,0,26,1,264
Slush,Strawberry Slush,Large (24 oz),183,84,0,0,47,45,2,49,3,0,31,1,312
Slush,Strawberry Watermelon Slush,Regular (16oz),130,77,0,0,13,34,2,30,2,0,24,2,411
Slush,Strawberry Watermelon Slush,Large (24 oz),174,113,0,0,20,45,3,41,2,0,36,3,589
Slush,Taro Slush,Regular (16oz),362,0,12,0,221,64,0,17,0,0,0,0,0
Slush,Taro Slush,Large (24 oz),476,0,16,0,296,84,0,25,0,0,0,0,0
Slush,Thai Tea Slush,Regular (16oz),334,0,9,27,30,55,2,54,1,0,72,0,0
Slush,Thai Tea Slush,Large (24 oz),462,0,13,41,46,73,3,72,1,0,108,0,0
Slush,Watermelon Cube Slush,Regular (16oz),206,33,1,0,4,53,2,45,3,0,0,4,476
Slush,Watermelon Cube Slush,Large (24 oz),231,40,1,0,5,60,2,50,4,0,0,5,572
Slush,Watermelon Pineapple Slush,Regular (16oz),142,44,0,0,17,35,1,30,1,0,0,2,212
Slush,Watermelon Pineapple Slush,Large (24 oz),195,70,0,0,25,49,2,40,1,0,0,2,296
Slush,Watermelon Slush,Regular (16oz),147,18,0,0,2,38,1,33,2,0,0,2,257
Slush,Watermelon Slush,Large (24 oz),209,24,1,0,3,53,1,47,2,0,0,3,343
Slush,Yogurt Slush,Regular (16oz),203,0,0,0,41,50,0,49,0,0,0,0,0
Slush,Yogurt Slush,Large (24 oz),241,0,0,0,51,59,0,58,0,0,0,0,0
Slush,Yuzu Honey Slush,Regular (16oz),96,1350,0,0,17,41,0,21,0,0,2,0,0
Slush,Yuzu Honey Slush,Large (24 oz),129,1650,0,0,21,57,0,28,0,0,3,0,0
Frappe,Caramel Frappe,Regular (16oz),343,5,12,5,215,52,0,43,3,0,0,0,0
Frappe,Caramel Frappe,Large (24 oz),466,5,17,5,289,67,0,55,5,0,0,0,0
Frappe,Chai Frappe,Regular (16oz),452,1,19,57,246,61,0,56,9,1,281,0,0
Frappe,Chai Frappe,Large (24 oz),690,1,29,83,373,94,0,86,14,2,405,0,0
Frappe,Green Tea Frappe,Regular (16oz),440,2,16,57,204,65,2,59,9,3,338,0,0
Frappe,Green Tea Frappe,Large (24 oz),586,2,22,77,272,86,3,79,12,3,450,0,0
Frappe,Green Tea w/ Red Bean Frappe,Regular (16oz),409,2,16,56,210,58,2,51,9,3,333,0,0
Frappe,Green Tea w/ Red Bean Frappe,Large (24 oz),514,2,18,64,252,77,3,69,12,3,400,0,0
Frappe,Hazelnut Frappe,Regular (16oz),418,1,17,61,176,58,0,54,7,2,315,0,0
Frappe,Hazelnut Frappe,Large (24 oz),585,1,24,87,249,79,0,75,10,2,439,0,0
Frappe,Mint Choco Frappe,Regular (16oz),643,1,32,61,339,79,1,63,12,2,315,0,0
Frappe,Mint Choco Frappe,Large (24 oz),881,1,44,87,453,107,2,87,16,2,439,0,0
Frappe,Mocha Frappe,Regular (16oz),367,0,17,0,221,43,0,34,4,0,0,0,0
Frappe,Mocha Frappe,Large (24 oz),611,0,28,0,369,72,0,57,6,0,0,0,0
Frappe,Oreo Coﬀee Frappe,Regular (16oz),540,1,19,57,222,88,0,81,7,1,281,0,0
Frappe,Oreo Coﬀee Frappe,Large (24 oz),749,1,27,83,315,118,0,109,10,2,405,0,0
Frappe,Pecan Frappe,Regular (16oz),540,1,27,61,255,67,0,58,8,2,318,0,16
Frappe,Pecan Frappe,Large (24 oz),744,1,36,87,359,94,0,82,11,2,440,0,9
Frappe,Pistachio Frappe,Regular (16oz),458,1,24,46,196,54,0,45,6,1,225,0,5
Frappe,Pistachio Frappe,Large (24 oz),624,1,33,63,269,74,0,61,9,1,313,0,8
Frappe,Pistachio Oreo Frappe,Regular (16oz),628,1,32,51,331,79,0,60,7,1,245,0,5
Frappe,Pistachio Oreo Frappe,Large (24 oz),783,1,40,63,404,99,0,75,10,1,313,0,5
Frappe,Vanilla Coﬀee Frappe,Regular (16oz),486,1,17,61,176,78,0,76,7,2,315,0,0
Frappe,Vanilla Coﬀee Frappe,Large (24 oz),671,1,24,87,249,105,0,102,10,2,439,0,0
Frappe,Vienna Frappe,Regular (16oz),247,1,10,30,118,34,0,31,4,1,168,0,46
Frappe,Vienna Frappe,Large (24 oz),421,1,20,57,217,53,0,48,7,1,296,0,63
Shake,Banana Shake,Regular (16oz),417,1,15,34,260,67,0,57,5,1,191,0,0
Shake,Banana Shake,Large (24 oz),646,1,24,61,394,101,0,86,8,2,315,0,0
Shake,Choco Oreo Shake,Regular (16oz),519,1,21,61,274,74,0,61,8,2,315,0,0
Shake,Choco Oreo Shake,Large (24 oz),710,1,29,87,363,101,0,84,11,2,439,0,0
Shake,Chocolate Banana Shake,Regular (16oz),382,1,12,38,183,62,0,53,6,2,225,0,0
Shake,Chocolate Banana Shake,Large (24 oz),482,1,14,42,229,82,0,70,7,2,259,0,0
Shake,Chocolate Shake,Regular (16oz),450,1,16,57,185,68,0,60,6,1,281,0,0
Shake,Chocolate Shake,Large (24 oz),642,1,22,80,261,98,0,86,9,2,391,0,0
Shake,Coconut Oreo Shake,Regular (16oz),566,1,26,61,284,76,0,62,9,2,612,0,69
Shake,Coconut Oreo Shake,Large (24 oz),786,1,35,83,375,107,0,88,11,2,851,0,104
Shake,Coconut Shake,Regular (16oz),472,1,21,57,192,63,0,56,7,1,616,0,78
Shake,Coconut Shake,Large (24 oz),689,1,31,83,279,93,1,81,10,2,888,0,112
Shake,Cookies & Cream Shake,Regular (16oz),450,1,17,48,201,71,0,64,6,1,244,0,0
Shake,Cookies & Cream Shake,Large (24 oz),586,1,22,63,260,92,0,83,8,1,313,0,0
Shake,Honeydew Shake,Regular (16oz),405,1,14,34,137,65,0,54,6,1,191,0,0
Shake,Honeydew Shake,Large (24 oz),630,1,23,61,224,98,0,81,9,2,315,0,0
Shake,Mango Shake,Regular (16oz),405,1,16,57,183,58,0,48,6,1,281,0,0
Shake,Mango Shake,Large (24 oz),592,1,23,83,267,85,0,69,9,2,405,0,0
Shake,Peach Shake,Regular (16oz),388,1,16,57,193,53,0,50,6,1,281,0,0
Shake,Peach Shake,Large (24 oz),562,1,23,83,278,76,0,71,9,2,405,0,0
Shake,Pineapple Shake,Regular (16oz),392,1,16,57,195,54,0,52,6,1,281,0,0
Shake,Pineapple Shake,Large (24 oz),567,1,23,83,281,78,0,75,9,2,405,0,0
Shake,Strawberry Oreo Shake,Regular (16oz),482,1,21,61,280,65,0,59,9,2,315,0,0
Shake,Strawberry Oreo Shake,Large (24 oz),667,1,29,87,374,90,0,84,13,2,439,0,0
Shake,Strawberry Shake,Regular (16oz),386,1,17,61,199,50,0,51,9,2,315,0,0
Shake,Strawberry Shake,Large (24 oz),560,1,24,87,284,73,0,75,12,2,439,0,0
Shake,Taro Oreo Shake,Regular (16oz),497,1,22,38,296,73,0,34,6,2,225,0,0
Shake,Taro Oreo Shake,Large (24 oz),605,1,26,42,328,92,0,29,6,2,259,0,0
Shake,Taro Shake,Regular (16oz),466,1,20,38,249,69,0,27,5,2,225,0,0
Shake,Taro Shake,Large (24 oz),631,1,26,42,328,98,0,36,6,2,259,0,0
Shake,Vanilla Shake,Regular (16oz),468,1,16,57,161,76,0,75,6,1,281,0,0
Shake,Vanilla Shake,Large (24 oz),653,1,23,83,234,103,0,101,9,2,405,0,0
Juice,ABC Juice,Small (12oz),143,6,1,0,82,35,5,23,2,0,14,1,275
Juice,ABC Juice,Regular (16oz),190,8,1,0,109,47,7,30,3,0,19,1,367
Juice,ABC Juice,Large (24 oz),286,12,2,0,163,70,10,46,5,0,29,1,550
Juice,An[oxidant Juice,Small (12oz),69,48,0,0,64,15,2,12,1,0,31,0,414
Juice,An[oxidant Juice,Regular (16oz),91,67,0,0,94,20,3,16,2,0,52,0,613
Juice,An[oxidant Juice,Large (24 oz),127,97,0,0,123,27,3,22,2,0,65,0,844
Juice,Carrot Juice,Small (12oz),105,5,0,0,255,21,2,20,2,0,60,0,810
Juice,Carrot Juice,Regular (16oz),140,7,0,0,340,28,2,26,2,0,80,0,1080
Juice,Carrot Juice,Large (24 oz),210,11,0,0,510,42,3,39,3,0,120,1,1620
Juice,Detox Juice,Small (12oz),89,10,0,0,50,23,4,16,1,0,24,0,289
Juice,Detox Juice,Regular (16oz),112,15,1,0,68,28,6,20,2,0,33,0,386
Juice,Detox Juice,Large (24 oz),161,19,1,0,96,41,8,29,2,0,46,1,556
Juice,Energy Juice,Small (12oz),122,53,1,0,36,31,5,20,2,0,52,0,485
Juice,Energy Juice,Regular (16oz),163,56,1,0,41,42,7,27,2,0,60,0,600
Juice,Energy Juice,Large (24 oz),224,81,1,0,53,57,10,38,3,0,79,0,794
Juice,Green Juice,Small (12oz),70,108,0,0,77,17,3,7,2,0,72,0,463
Juice,Green Juice,Regular (16oz),79,116,1,0,104,19,4,8,2,0,82,1,555
Juice,Green Juice,Large (24 oz),92,131,1,0,131,22,5,10,2,0,92,1,654
Juice,Immune Juice,Small (12oz),77,32,0,0,55,20,4,12,2,0,63,0,387
Juice,Immune Juice,Regular (16oz),106,34,1,0,61,27,6,18,2,0,69,0,462
Juice,Immune Juice,Large (24 oz),149,37,1,0,90,38,8,26,2,0,88,0,631
Juice,Mango Juice,Small (12oz),74,29,0,0,6,18,1,15,1,0,7,0,134
Juice,Mango Juice,Regular (16oz),120,41,0,0,11,30,2,24,1,0,10,0,192
Juice,Mango Juice,Large (24 oz),170,56,1,0,16,42,2,34,1,0,14,0,259
Juice,Orange Juice,Small (12oz),124,131,0,0,21,27,1,27,2,0,0,0,0
Juice,Orange Juice,Regular (16oz),165,175,1,0,28,36,1,36,2,0,0,0,0
Juice,Orange Juice,Large (24 oz),248,263,1,0,43,55,1,55,4,0,0,0,0
Juice,Orange Carrot Juice,Small (12oz),,,,,,,,,,,,,
Juice,Orange Carrot Juice,Regular (16oz),,,,,,,,,,,,,
Juice,Orange Carrot Juice,Large (24 oz),,,,,,,,,,,,,
Juice,Rejuvenate Juice,Small (12oz),86,5,0,0,28,22,4,14,1,0,10,0,231
Juice,Rejuvenate Juice,Regular (16oz),122,7,1,0,37,31,5,21,1,0,15,0,334
Juice,Rejuvenate Juice,Large (24 oz),179,11,1,0,53,46,8,32,2,0,23,1,484
Juice,Strawberry Juice,Small (12oz),57,53,0,0,8,13,2,12,1,0,0,0,144
Juice,Strawberry Juice,Regular (16oz),119,132,0,0,11,27,4,23,3,0,0,0,360
Juice,Strawberry Juice,Large (24 oz),166,178,0,0,17,38,5,32,4,0,0,0,486
Juice,Vitamin-C Juice,Small (12oz),137,104,0,0,1,33,4,22,2,0,0,0,592
Juice,Vitamin-C Juice,Regular (16oz),194,150,0,0,1,46,5,32,2,0,0,0,839
Juice,Vitamin-C Juice,Large (24 oz),283,205,1,0,1,68,8,45,3,0,0,0,1218
Juice,Watermelon Juice,Small (12oz),72,12,0,0,2,19,1,16,1,0,0,2,171
Juice,Watermelon Juice,Regular (16oz),95,18,0,0,2,25,1,20,2,0,0,2,257
Juice,Watermelon Juice,Large (24 oz),144,24,1,0,3,37,1,31,2,0,0,3,343
Acai Bowl,Amazing Almond Bowl,Large (24 oz),685,15,28,0,64,100,17,56,13,0,99,2,407
Acai Bowl,Dragon Fruit Bowl,Large (24 oz),553,86,11,0,31,113,17,56,8,0,27,2,1132
Acai Bowl,Fusion Bowl,Large (24 oz),516,57,12,0,33,99,15,53,7,0,34,2,647
Acai Bowl,Green Bowl,Large (24 oz),604,104,14,0,123,119,15,63,13,1,306,4,1248
Acai Bowl,Original Acai Bowl,Large (24 oz),495,17,12,0,33,94,12,56,6,0,45,2,489
Acai Bowl,PB Acai Bowl,Large (24 oz),813,15,39,0,285,103,17,59,17,0,48,2,406
Hot Beverages,Almond Milk Tea LaOe,Regular (16oz),188,0,5,1,108,35,0,28,5,2,270,0,7
Hot Beverages,Almond Milk Tea LaOe,Large (24 oz),246,0,6,1,143,45,0,36,7,3,360,0,9
Hot Beverages,Caramel Macchiato,Regular (16oz),247,4,9,37,161,34,0,33,8,4,310,0,42
Hot Beverages,Caramel Macchiato,Large (24 oz),340,6,12,46,207,51,0,48,11,5,389,0,63
Hot Beverages,Chai Tea LaOe,Regular (16oz),184,1,9,18,120,21,0,18,5,2,154,0,0
Hot Beverages,Chai Tea LaOe,Large (24 oz),263,2,13,22,167,30,0,26,7,2,188,0,0
Hot Beverages,Earl Grey Tea LaOe,Regular (16oz),271,2,10,24,102,40,0,36,5,3,203,0,0
Hot Beverages,Earl Grey Tea LaOe,Large (24 oz),363,2,14,32,139,52,0,45,7,3,270,0,0
Hot Beverages,Green Tea LaOe,Regular (16oz),257,3,10,39,158,33,1,31,9,4,330,0,0
Hot Beverages,Green Tea LaOe,Large (24 oz),316,3,12,44,183,44,2,40,11,5,375,0,0
Hot Beverages,Hazelnut Milk Tea,Regular (16oz),294,0,12,0,78,48,1,34,1,0,11,0,235
Hot Beverages,Hazelnut Milk Tea,Large (24 oz),449,0,17,0,117,73,1,52,1,0,17,0,353
Hot Beverages,Hot Chocolate,Regular (16oz),318,3,15,49,198,39,1,36,10,4,338,0,0
Hot Beverages,Hot Chocolate,Large (24 oz),386,3,17,56,239,50,1,45,12,5,394,0,0
Hot Beverages,Jasmine Milk Tea LaOe,Regular (16oz),283,0,10,0,117,48,1,33,1,0,11,0,235
Hot Beverages,Jasmine Milk Tea LaOe,Large (24 oz),401,0,15,0,152,67,1,46,1,0,18,0,382
Hot Beverages,Lavender Milk Tea LaOe,Regular (16oz),286,1,12,21,121,40,0,25,6,2,180,0,0
Hot Beverages,Lavender Milk Tea LaOe,Large (24 oz),394,2,16,28,164,55,1,35,8,3,240,0,0
Hot Beverages,Milk Tea LaOe,Regular (16oz),240,12,10,28,112,32,0,27,7,3,210,0,0
Hot Beverages,Milk Tea LaOe,Large (24 oz),296,12,12,32,128,40,0,33,8,3,240,0,0
Hot Beverages,Misutgaru LaOe,Regular (16oz),154,0,1,0,0,31,1,8,4,0,0,0,0
Hot Beverages,Misutgaru LaOe,Large (24 oz),195,0,2,0,0,39,2,11,5,0,0,0,0
Hot Beverages,Taro Milk Tea LaOe,Regular (16oz),287,1,12,20,163,44,0,15,5,2,169,0,0
Hot Beverages,Taro Milk Tea LaOe,Large (24 oz),379,2,15,28,208,59,0,25,6,3,236,0,0
Hot Beverages,Vanilla Chai Milk Tea,Regular (16oz),258,0,9,0,127,43,1,32,4,0,8,0,176
Hot Beverages,Vanilla Chai Milk Tea,Large (24 oz),372,0,13,0,184,62,1,48,5,0,11,0,235
Hot Beverages,Yuzu Honey Tea,Regular (16oz),120,300,0,0,30,30,0,24,0,0,0,0,0
Hot Beverages,Yuzu Honey Tea,Large (24 oz),150,375,0,0,38,38,0,30,0,0,0,0,0
Hot Beverages,Boba Coﬀee,Regular (16oz),248,0,57,0,113,36,5,25,2,0,0,0,0
Hot Beverages,Boba Coﬀee,Large (24 oz),347,0,80,0,158,51,7,35,3,0,0,0,0
Hot Beverages,Iced Café LaOe,Regular (16oz),145,2,8,31,121,12,0,11,7,3,277,0,63
Hot Beverages,Iced Café LaOe,Large (24 oz),208,3,12,44,173,18,0,16,10,5,397,0,95
Hot Beverages,Iced Café Mocha,Regular (16oz),221,2,8,25,130,33,1,30,6,3,220,0,42
Hot Beverages,Iced Café Mocha,Large (24 oz),308,2,12,35,188,45,1,41,9,4,313,0,56
Hot Beverages,Iced Caramel Macchiato,Regular (16oz),190,4,7,27,127,28,0,26,6,3,210,0,0
Hot Beverages,Iced Caramel Macchiato,Large (24 oz),273,5,9,38,180,40,0,37,9,4,304,0,0
Hot Beverages,Iced Hazelnut LaOe,Regular (16oz),186,2,9,23,107,23,0,19,5,2,213,0,63
Hot Beverages,Iced Hazelnut LaOe,Large (24 oz),260,2,12,28,136,33,0,28,6,3,258,0,95
Hot Beverages,Sea Salt Iced Coﬀee,Regular (16oz),349,0,23,89,1366,30,0,26,1,1,48,0,32
Hot Beverages,Sea Salt Iced Coﬀee,Large (24 oz),389,0,23,89,1368,40,0,35,1,1,52,0,46
Hot Beverages,Iced Spanish LaOe,Regular (16oz),203,22,8,29,118,26,0,25,7,2,200,0,56
Hot Beverages,Iced Spanish LaOe,Large (24 oz),316,34,13,46,186,39,0,38,11,4,322,0,95
Hot Beverages,Iced Vanilla LaOe,Regular (16oz),256,2,11,35,159,32,0,30,8,4,314,0,63
Hot Beverages,Iced Vanilla LaOe,Large (24 oz),339,3,14,44,201,45,0,42,11,5,397,0,98
Hot Coﬀee,Café LaOe,Regular (16oz),186,3,10,39,154,16,0,14,9,4,354,0,70
Hot Coﬀee,Café LaOe,Large (24 oz),246,4,14,53,203,21,0,19,12,6,466,0,70
Hot Coﬀee,Café Mocha,Regular (16oz),316,3,13,39,211,43,1,38,10,4,348,0,46
Hot Coﬀee,Café Mocha,Large (24 oz),391,3,16,47,260,54,2,48,12,5,419,0,63
Hot Coﬀee,Caramel Macchiato,Regular (16oz),247,4,9,37,161,34,0,33,8,4,310,0,42
Hot Coﬀee,Caramel Macchiato,Large (24 oz),340,6,12,46,207,51,0,48,11,5,389,0,63
Hot Coﬀee,Hazelnut LaOe,Regular (16oz),214,2,8,32,125,28,0,26,7,3,285,0,67
Hot Coﬀee,Hazelnut LaOe,Large (24 oz),296,3,11,42,167,40,0,37,10,4,382,0,95
Hot Coﬀee,Spanish LaOe,Regular (16oz),247,23,11,39,154,29,0,28,9,3,283,0,56
Hot Coﬀee,Spanish LaOe,Large (24 oz),347,34,14,53,211,42,0,40,13,4,379,0,84
Frosty Milk,#1 Honey Boba,Large (24 oz),418,1,7,20,94,83,0,55,5,2,169,0,0
Frosty Milk,#2 Honey Boba & Pudding,Large (24 oz),488,2,8,25,164,79,1,53,5,3,203,0,0
Frosty Milk,"#3 Strawberry, Pudding & Honey Boba",Large (24 oz),515,8,7,19,107,94,1,65,4,2,150,0,18
Frosty Milk,"#4 Caramel, Pudding & Honey Boba",Large (24 oz),555,5,7,23,151,103,1,73,5,2,150,0,0
Frosty Milk,"#5 Coﬀee Jelly, Espresso & Honey Boba",Large (24 oz),446,1,6,18,89,92,1,64,4,2,150,0,26
Cheese Foam,Cheese Foam Black Tea,Large (22 oz),265,0,14,55,838,32,0,30,1,0,25,0,0
Cheese Foam,Cheese Foam Jasmine Matcha,Large (22 oz),454,0,23,62,999,58,1,42,3,0,40,0,235
Cheese Foam,Cheese Foam Jasmine Tea,Large (22 oz),291,0,16,62,943,33,0,30,1,0,28,0,0
Cheese Foam,Cheese Foam Roasted Oolong Tea,Large (22 oz),228,0,11,45,159,29,0,30,0,0,0,0,0
Cheese Foam,Cheese Foam Rose Oolong Tea,Large (22 oz),323,0,17,69,1048,37,0,34,1,0,32,0,11
Cheese Foam,Tiramisu Foam Milk Tea,Large (22 oz),415,0,23,62,999,48,1,36,1,0,40,0,235
Cup Shaved Ice,Coﬀee Cup Shaved Ice,Large (24 oz),351,62,9,31,122,59,2,47,7,0,9,0,157
Cup Shaved Ice,Fruit Cup Shaved Ice w/ Coﬀee Drizzle,Large (24 oz),382,73,20,35,123,65,4,50,6,0,128,0,187
Cup Shaved Ice,Fruit Cup Shaved Ice w/ Strawberry Drizzle,Large (24 oz),364,73,10,35,112,63,4,48,6,0,128,0,187
Cup Shaved Ice,Green Tea Cup Shaved Ice,Large (24 oz),337,50,8,31,91,60,2,47,7,0,56,0,82
Cup Shaved Ice,Mango Cup Shaved Ice,Large (24 oz),351,43,9,31,121,63,1,52,5,0,119,0,125
Cup Shaved Ice,Red Bean Cup Shaved Ice,Large (24 oz),328,47,9,31,118,55,2,44,6,0,92,0,82
Cup Shaved Ice,Strawberry Cup Shaved Ice,Large (24 oz),323,45,10,35,134,52,1,47,6,0,124,0,54
Bowl Shaved Ice,Coﬀee Bowl Shaved Ice,Large (24 oz),531,72,12,40,166,95,4,75,10,0,9,0,292
Bowl Shaved Ice,Fruit Bowl Shaved Ice w/ Coﬀee Drizzle,Large (24 oz),469,81,21,39,139,83,4,66,8,0,92,0,330
Bowl Shaved Ice,Fruit Bowl Shaved Ice w/ Strawberry Drizzle,Large (24 oz),504,82,12,43,153,90,4,76,9,0,125,0,330
Bowl Shaved Ice,Green Tea Bowl Shaved Ice,Large (24 oz),438,64,8,30,98,86,5,61,9,0,59,0,328
Bowl Shaved Ice,Mango Bowl Shaved Ice,Large (24 oz),524,84,13,43,168,93,2,79,9,0,133,0,173
Bowl Shaved Ice,Red Bean Bowl Shaved Ice,Large (24 oz),438,46,28,30,150,79,4,59,7,0,92,0,261
Bowl Shaved Ice,Strawberry Bowl Shaved Ice,Large (24 oz),429,48,13,43,158,70,3,61,9,0,124,0,0
Tea Float,Jasmine Tea Float,Large (22 oz),445,2,21,84,975,58,0,54,3,0,82,0,0
Tea Float,Matcha Float,Large (22 oz),384,5,15,58,163,55,0,47,13,4,358,0,0
Tea Float,Rose Matcha Float,Large (22 oz),383,5,14,54,149,56,0,32,11,3,324,0,0
Tea Float,Thai Tea Float,Large (22 oz),491,0,16,71,62,71,3,73,2,0,218,0,0