Drink Name,Size,Sugar Level,Calories from Fat,Total Fat,Saturated Fat,Trans Fat,Cholesterol (mg),Sodium(mg),Carbohydrates,Fiber,Sugar,Protein,Calcium %,Allergen Statement (English)
Kung Fu Black Tea,Medium,0%,0,0,0,0,0,0,0,0,0,0,0%,
Kung Fu Black Tea,Medium,30%,0,0,0,0,0,0,14,0,14,0,0%,
Kung Fu Black Tea,Medium,50%,0,0,0,0,0,0,24,0,23,0,0%,
Kung Fu Black Tea,Medium,70%,0,0,0,0,0,0,33,0,32,0,0%,
Kung Fu Black Tea,Medium,100%,0,0,,0,0,0,47,0,46,0,0%,
Kung Fu Black Tea,Large,0%,0,0,0,0,0,0,0,0,0,0,0%,
Kung Fu Black Tea,Large,30%,0,0,0,0,0,0,19,0,18,0,0%,
Kung Fu Black Tea,Large,50%,0,0,0,0,0,0,31,0,30,0,0%,
Kung Fu Black Tea,Large,70%,0,0,0,0,0,0,42,0,42,0,0%,
Kung Fu Black Tea,Large,100%,0,0,0,,0,1,61,0,60,0,0%,
Kung Fu Green Tea,Medium,0%,0,0,0,0,0,0,0,0,0,0,0%,
Kung Fu Green Tea,Medium,30%,0,0,0,0,0,0,12,0,12,0,0%,
Kung Fu Green Tea,Medium,50%,0,0,0,0,0,0,19,0,18,0,0%,
Kung Fu Green Tea,Medium,70%,0,0,0,0,0,0,24,0,23,0,0%,
Kung Fu Green Tea,Medium,100%,0,0,0,0,0,0,35,0,35,0,0%,
Kung Fu Green Tea,Large,0%,0,0,0,0,0,0,0,0,0,0,0%,
Kung Fu Green Tea,Large,30%,0,0,0,0,0,0,14,0,14,0,0%,
Kung Fu Green Tea,Large,50%,0,0,0,0,0,0,24,0,23,0,0%,
Kung Fu Green Tea,Large,70%,0,0,0,0,0,0,33,0,32,0,0%,
Kung Fu Green Tea,Large,100%,0,0,0,0,0,0,47,0,46,0,0%,
Kung Fu Oolong Tea,Medium,0%,0,0,0,0,0,0,0,0,0,0,0%,
Kung Fu Oolong Tea,Medium,30%,0,0,0,0,0,0,12,0,12,0,0%,
Kung Fu Oolong Tea,Medium,50%,0,0,0,0,0,0,19,0,18,0,0%,
Kung Fu Oolong Tea,Medium,70%,0,0,0,0,0,0,24,0,23,0,0%,
Kung Fu Oolong Tea,Medium,100%,0,0,0,0,0,0,35,0,35,0,0%,
Kung Fu Oolong Tea,Large,0%,0,0,0,0,0,0,0,0,0,0,0%,
Kung Fu Oolong Tea,Large,30%,0,0,0,0,0,0,14,0,14,0,0%,
Kung Fu Oolong Tea,Large,50%,0,0,0,0,0,0,24,0,23,0,0%,
Kung Fu Oolong Tea,Large,70%,0,0,0,0,0,0,33,0,32,0,0%,
Kung Fu Oolong Tea,Large,100%,0,0,0,0,0,0,47,0,46,0,0%,
Winter Melon Tea,Medium,30%,0,0,0,0,0,2,9,0,9,0,0%,
Winter Melon Tea,Medium,50%,0,0,0,0,0,3,15,0,14,0,0%,
Winter Melon Tea,Medium,70%,0,0,0,0,0,4,19,0,17,0,0%,
Winter Melon Tea,Medium,100%,0,0,0,0,0,6,28,0,26,0,0%,
Winter Melon Tea,Large,30%,0,0,0,0,0,2,11,0,10,0,0%,
Winter Melon Tea,Large,50%,0,0,0,0,0,4,19,0,17,0,0%,
Winter Melon Tea,Large,70%,0,0,0,0,0,5,26,0,24,0,0%,
Winter Melon Tea,Large,100%,0,0,0,0,0,7,37,0,34,0,0%,
Winter Melon Tea,Hot,30%,0,0,0,0,0,3,13,0,12,0,0%,
Winter Melon Tea,Hot,50%,0,0,0,0,0,4,23,0,21,0,0%,
Winter Melon Tea,Hot,70%,0,0,0,0,0,6,28,0,26,0,0%,
Winter Melon Tea,Hot,100%,0,0,0,0,0,8,41,0,38,0,0%,
Winter Melon Green Tea,Medium,30%,0,0,0,0,0,2,9,0,9,0,0%,
Winter Melon Green Tea,Medium,50%,0,0,0,0,0,3,15,0,14,0,0%,
Winter Melon Green Tea,Medium,70%,0,0,0,0,0,4,19,0,17,0,0%,
Winter Melon Green Tea,Medium,100%,0,0,0,0,0,6,28,0,26,0,0%,
Winter Melon Green Tea,Large,30%,0,0,0,0,0,2,11,0,10,0,0%,
Winter Melon Green Tea,Large,50%,0,0,0,0,0,4,19,0,17,0,0%,
Winter Melon Green Tea,Large,70%,0,0,0,0,0,5,26,0,24,0,0%,
Winter Melon Green Tea,Large,100%,0,0,0,0,0,7,37,0,34,0,0%,
Winter Melon Green Tea,Hot,30%,0,0,0,0,0,3,13,0,12,0,0%,
Winter Melon Green Tea,Hot,50%,0,0,0,0,0,4,23,0,21,0,0%,
Winter Melon Green Tea,Hot,70%,0,0,0,0,0,6,28,0,26,0,0%,
Winter Melon Green Tea,Hot,100%,0,0,0,0,0,8,41,0,38,0,0%,
Honey Tea,Medium,30%,0,0,0,0,0,0,13,0,12,0,0%,
Honey Tea,Medium,50%,0,0,0,0,0,0,18,0,16,0,0%,
Honey Tea,Medium,70%,0,0,0,0,0,0,26,0,23,0,0%,
Honey Tea,Medium,100%,0,0,0,0,0,0,37,0,32,0,0%,
Honey Tea,Large/Hot,30%,0,0,0,0,0,0,16,0,14,0,0%,
Honey Tea,Large/Hot,50%,0,0,0,0,0,0,26,0,23,0,0%,
Honey Tea,Large/Hot,70%,0,0,0,0,0,0,37,0,32,0,0%,
Honey Tea,Large/Hot,100%,0,0,0,0,0,0,53,0,46,0,0%,
Honey Black Tea,Medium,30%,0,0,0,0,0,0,13,0,12,0,0%,
Honey Black Tea,Medium,50%,0,0,0,0,0,0,18,0,16,0,0%,
Honey Black Tea,Medium,70%,0,0,0,0,0,0,26,0,23,0,0%,
Honey Black Tea,Medium,100%,0,0,0,0,0,0,37,0,32,0,0%,
Honey Black Tea,Large,30%,0,0,0,0,0,0,16,0,14,0,0%,
Honey Black Tea,Large,50%,0,0,0,0,0,0,26,0,23,0,0%,
Honey Black Tea,Large,70%,0,0,0,0,0,0,37,0,32,0,0%,
Honey Black Tea,Large,100%,0,0,0,0,0,0,53,0,46,0,0%,
Honey Green Tea,Medium,30%,0,0,0,0,0,0,13,0,12,0,0%,
Honey Green Tea,Medium,50%,0,0,0,0,0,0,18,0,16,0,0%,
Honey Green Tea,Medium,70%,0,0,0,0,0,0,26,0,23,0,0%,
Honey Green Tea,Medium,100%,0,0,0,0,0,0,37,0,32,0,0%,
Honey Green Tea,Large,30%,0,0,0,0,0,0,16,0,14,0,0%,
Honey Green Tea,Large,50%,0,0,0,0,0,0,26,0,23,0,0%,
Honey Green Tea,Large,70%,0,0,0,0,0,0,37,0,32,0,0%,
Honey Green Tea,Large,100%,0,0,0,0,0,0,53,0,46,0,0%,
Honey Oolong Tea,Medium,30%,0,0,0,0,0,0,13,0,12,0,0%,
Honey Oolong Tea,Medium,50%,0,0,0,0,0,0,18,0,16,0,0%,
Honey Oolong Tea,Medium,70%,0,0,0,0,0,0,26,0,23,0,0%,
Honey Oolong Tea,Medium,100%,0,0,0,0,0,0,37,0,32,0,0%,
Honey Oolong Tea,Large,30%,0,0,0,0,0,0,16,0,14,0,0%,
Honey Oolong Tea,Large,50%,0,0,0,0,0,0,26,0,23,0,0%,
Honey Oolong Tea,Large,70%,0,0,0,0,0,0,37,0,32,0,0%,
Honey Oolong Tea,Large,100%,0,0,0,0,0,0,53,0,46,0,0%,
Longan Jujube,Medium,70%,0,0,0,0,0,5,106,0,27,0,0%,
Longan Jujube,Medium,100%,0,0,0,0,0,7,152,0,38,0,0%,
Longan Jujube,Large/Hot,70%,0,0,0,0,0,8,159,0,40,0,0%,
Longan Jujube,Large/Hot,100%,0,0,0,0,0,11,228,0,57,0,0%,
Brown Sugar Ginger,Hot,70%,0,0,0,0,0,2,41,0,36,0,0%,
Brown Sugar Ginger,Hot,100%,0,0,0,0,0,3,59,0,52,0,0%,
Honey Lemonade,Medium,30%,0,0,0,0,0,0,17,0,13,0,0%,
Honey Lemonade,Medium,50%,0,0,0,0,0,0,22,0,17,0,0%,
Honey Lemonade,Medium,70%,0,0,0,0,0,0,30,0,24,0,0%,
Honey Lemonade,Medium,100%,0,0,0,0,0,0,41,0,33,0,0%,
Honey Lemonade,Large,30%,0,0,0,0,0,1,21,0,15,0,0%,
Honey Lemonade,Large,50%,0,0,0,0,0,1,31,0,25,0,0%,
Honey Lemonade,Large,70%,0,0,0,0,0,1,42,0,34,0,0%,
Honey Lemonade,Large,100%,0,0,0,0,0,1,58,0,48,0,0%,
Lychee Punch,Medium,30%,0,0,0,0,0,5,16,0,11,0,0%,
Lychee Punch,Medium,50%,0,0,0,0,0,8,27,0,18,0,0%,
Lychee Punch,Medium,70%,0,0,0,0,0,11,37,0,25,0,0%,
Lychee Punch,Medium,100%,0,0,0,0,0,16,53,1,36,1,0%,
Lychee Punch,Large,30%,0,0,0,0,0,6,21,0,14,0,0%,
Lychee Punch,Large,50%,0,0,0,0,0,11,37,0,25,0,0%,
Lychee Punch,Large,70%,0,0,0,0,0,16,53,1,36,1,0%,
Lychee Punch,Large,100%,0,0,0,0,0,22,74,1,50,1,0%,
Lychee Black Tea,Medium,30%,0,0,0,0,0,5,16,0,11,0,0%,
Lychee Black Tea,Medium,50%,0,0,0,0,0,8,27,0,18,0,0%,
Lychee Black Tea,Medium,70%,0,0,0,0,0,11,37,0,25,0,0%,
Lychee Black Tea,Medium,100%,0,0,0,0,0,16,53,1,36,1,0%,
Lychee Black Tea,Large,30%,0,0,0,0,0,6,21,0,14,0,0%,
Lychee Black Tea,Large,50%,0,0,0,0,0,11,37,0,25,0,0%,
Lychee Black Tea,Large,70%,0,0,0,0,0,16,53,1,36,1,0%,
Lychee Black Tea,Large,100%,0,0,0,0,0,22,74,1,50,1,0%,
Mango Green Tea,Medium,0%,0,0,0,0,0,10,19,0,16,0,0%,
Mango Green Tea,Medium,30%,0,0,0,0,0,11,23,0,21,0,0%,
Mango Green Tea,Medium,50%,0,0,0,0,0,11,26,0,23,0,0%,
Mango Green Tea,Medium,70%,0,0,0,0,0,11,28,0,26,0,0%,
Mango Green Tea,Medium,100%,0,0,0,0,0,11,33,0,30,0,0%,
Mango Green Tea,Large,0%,0,0,0,0,0,15,26,0,23,0,0%,
Mango Green Tea,Large,30%,0,0,0,0,0,15,31,0,28,0,0%,
Mango Green Tea,Large,50%,0,0,0,0,0,15,33,0,30,0,0%,
Mango Green Tea,Large,70%,0,0,0,0,0,15,38,0,35,0,0%,
Mango Green Tea,Large,100%,0,0,0,0,0,15,43,0,39,0,0%,
Peach Oolong Tea,Medium,30%,0,0,0,0,0,1,20,0,13,0,0%,
Peach Oolong Tea,Medium,50%,0,0,0,0,0,2,27,0,17,0,0%,
Peach Oolong Tea,Medium,70%,0,0,0,0,0,2,40,0,25,0,0%,
Peach Oolong Tea,Medium,100%,0,0,0,0,0,3,54,0,34,0,0%,
Peach Oolong Tea,Large,30%,0,0,0,0,0,1,20,0,13,0,0%,
Peach Oolong Tea,Large,50%,0,0,0,0,0,2,34,0,21,0,0%,
Peach Oolong Tea,Large,70%,0,0,0,0,0,3,47,0,29,0,0%,
Peach Oolong Tea,Large,100%,0,0,0,0,0,4,67,0,42,0,0%,
Orange Green Tea,Medium,0%,3,0,0,0,0,1,15,0,12,1,0%,
Orange Green Tea,Medium,30%,3,0,0,0,0,1,25,0,22,1,0%,
Orange Green Tea,Medium,50%,3,0,0,0,0,2,29,0,26,1,0%,
Orange Green Tea,Medium,70%,3,0,0,0,0,2,36,0,33,1,0%,
Orange Green Tea,Medium,100%,3,0,0,0,0,2,46,0,42,1,0%,
Orange Green Tea,Large,0%,4,0,0,0,0,2,22,0,18,1,0%,
Orange Green Tea,Large,30%,4,0,0,0,0,2,36,0,31,1,0%,
Orange Green Tea,Large,50%,4,0,0,0,0,2,43,0,38,1,0%,
Orange Green Tea,Large,70%,4,0,0,0,0,2,50,0,45,1,0%,
Orange Green Tea,Large,100%,4,0,0,0,0,2,64,0,59,1,0%,
Grapefruit Green Tea,Medium,0%,0,0,0,0,0,8,86,0,69,1,0%,
Grapefruit Green Tea,Medium,30%,0,0,0,0,0,8,97,0,81,1,0%,
Grapefruit Green Tea,Medium,50%,0,0,0,0,0,8,102,0,86,1,0%,
Grapefruit Green Tea,Medium,70%,0,0,0,0,0,8,109,0,93,1,0%,
Grapefruit Green Tea,Medium,100%,0,0,0,0,0,8,121,0,104,1,0%,
Grapefruit Green Tea,Large,0%,0,0,0,0,0,10,107,0,87,1,0%,
Grapefruit Green Tea,Large,30%,0,0,0,0,0,10,121,0,101,1,0%,
Grapefruit Green Tea,Large,50%,0,0,0,0,0,10,128,0,108,1,0%,
Grapefruit Green Tea,Large,70%,0,0,0,0,0,10,138,0,117,1,0%,
Grapefruit Green Tea,Large,100%,0,0,0,0,0,10,152,0,131,1,0%,
Sunshine Pineapple Tea,Medium,70%,0,0,0,0,0,18,50,1,42,0,0%,
Sunshine Pineapple Tea,Medium,100%,0,0,0,0,0,20,55,1,47,0,0%,
Sunshine Pineapple Tea,Large,70%,0,0,0,0,0,23,64,1,53,0,0%,
Sunshine Pineapple Tea,Large,100%,0,0,0,0,0,25,69,1,58,0,0%,
Passion Fruit Green Tea,Medium,0%,0,0,0,0,0,5,21,0,20,0,0%,
Passion Fruit Green Tea,Medium,30%,0,0,0,0,0,5,26,0,25,0,0%,
Passion Fruit Green Tea,Medium,50%,0,0,0,0,0,5,30,0,30,0,0%,
Passion Fruit Green Tea,Medium,70%,0,0,0,0,0,5,35,0,34,0,0%,
Passion Fruit Green Tea,Medium,100%,0,0,0,0,0,5,40,0,39,0,0%,
Passion Fruit Green Tea,Large,0%,0,0,0,0,0,6,26,0,25,0,0%,
Passion Fruit Green Tea,Large,30%,0,0,0,0,0,6,36,0,35,0,0%,
Passion Fruit Green Tea,Large,50%,0,0,0,0,0,7,40,0,39,0,0%,
Passion Fruit Green Tea,Large,70%,0,0,0,0,0,7,45,0,44,0,0%,
Passion Fruit Green Tea,Large,100%,0,0,0,0,0,7,55,0,53,0,0%,
Strawberry Lemonade,Medium,70%,0,0,0,0,0,7,33,0,29,0,0%,
Strawberry Lemonade,Medium,100%,0,0,0,0,0,10,48,0,44,0,0%,
Strawberry Lemonade,Large,70%,0,0,0,0,0,10,50,0,44,0,0%,
Strawberry Lemonade,Large,100%,0,0,0,0,0,13,65,0,59,0,0%,
Strawberry Lemon Green Tea,Medium,70%,0,0,0,0,0,6,32,0,29,0,0%,
Strawberry Lemon Green Tea,Medium,100%,0,0,0,0,0,8,41,0,38,0,0%,
Strawberry Lemon Green Tea,Large,70%,0,0,0,0,0,10,48,0,44,0,0%,
Strawberry Lemon Green Tea,Large,100%,0,0,0,0,0,11,57,0,52,0,0%,
Rosehip Lemonade,Medium,0%,0,0,0,0,0,3,7,0,3,0,0%,
Rosehip Lemonade,Medium,30%,0,0,0,0,0,3,11,0,8,0,0%,
Rosehip Lemonade,Medium,50%,0,0,0,0,0,3,11,0,8,0,0%,
Rosehip Lemonade,Medium,70%,0,0,0,0,0,3,14,0,10,0,0%,
Rosehip Lemonade,Medium,100%,0,0,0,0,0,3,19,0,15,0,0%,
Rosehip Lemonade,Large,0%,0,0,0,0,0,22,47,0,43,0,0%,
Rosehip Lemonade,Large,30%,0,0,0,0,0,22,52,0,47,0,0%,
Rosehip Lemonade,Large,50%,0,0,0,0,0,22,54,0,50,0,0%,
Rosehip Lemonade,Large,70%,0,0,0,0,0,22,59,0,54,0,0%,
Rosehip Lemonade,Large,100%,0,0,0,0,0,23,64,0,59,0,0%,
Kiwi Punch,Medium,100%,0,0,0,0,0,22,56,0,51,0,0%,
Kiwi Punch,Medium,70%,0,0,0,0,0,24,52,0,47,0,0%,
Kiwi Punch,Medium,50%,0,0,0,0,0,24,47,0,43,0,0%,
Kiwi Punch,Large,100%,1,0,0,0,0,31,79,0,71,0,0%,
Kiwi Punch,Large,70%,1,0,0,0,0,31,70,0,62,0,0%,
Kiwi Punch,Large,50%,1,0,0,0,0,31,61,0,55,0,0%,
Guava Punch,Medium,100%,0,0,0,0,0,24,46,0,46,0,0%,
Guava Punch,Medium,70%,0,0,0,0,0,24,40,0,39,0,0%,
Guava Punch,Medium,50%,0,0,0,0,0,24,38,0,36,0,0%,
Guava Punch,Medium,30%,0,0,0,0,0,24,38,0,36,0,0%,
Guava Punch,Medium,0%,0,0,0,0,0,24,34,0,32,0,0%,
Guava Punch,Large,100%,0,0,0,0,0,32,60,0,58,0,0%,
Guava Punch,Large,70%,0,0,0,0,0,32,56,0,54,0,0%,
Guava Punch,Large,50%,0,0,0,0,0,32,51,0,49,0,0%,
Guava Punch,Large,30%,0,0,0,0,0,32,46,0,45,0,0%,
Guava Punch,Large,0%,0,0,0,0,0,32,44,0,43,0,0%,
Guava Black Tea,Medium,100%,0,0,0,0,0,24,46,0,46,0,0%,
Guava Black Tea,Medium,70%,0,0,0,0,0,24,40,0,39,0,0%,
Guava Black Tea,Medium,50%,0,0,0,0,0,24,38,0,36,0,0%,
Guava Black Tea,Medium,30%,0,0,0,0,0,24,38,0,36,0,0%,
Guava Black Tea,Medium,0%,0,0,0,0,0,24,34,0,32,0,0%,
Guava Black Tea,Large,100%,0,0,0,0,0,32,60,0,58,0,0%,
Guava Black Tea,Large,70%,0,0,0,0,0,32,56,0,54,0,0%,
Guava Black Tea,Large,50%,0,0,0,0,0,32,51,0,49,0,0%,
Guava Black Tea,Large,30%,0,0,0,0,0,32,46,0,45,0,0%,
Guava Black Tea,Large,0%,0,0,0,0,0,32,44,0,43,0,0%,
White Grape Punch,Medium,100%,0,0,0,0,0,10,58,0,55,0,0%,
White Grape Punch,Medium,70%,0,0,0,0,0,10,51,0,48,0,0%,
White Grape Punch,Medium,50%,0,0,0,0,0,10,46,0,43,0,0%,
White Grape Punch,Medium,30%,0,0,0,0,0,10,41,0,39,0,0%,
White Grape Punch,Medium,0%,0,0,0,0,0,10,34,0,32,0,0%,
White Grape Punch,Large,100%,0,0,0,0,0,15,76,0,72,0,0%,
White Grape Punch,Large,70%,0,0,0,0,0,15,67,0,63,0,0%,
White Grape Punch,Large,50%,0,0,0,0,0,15,60,0,56,0,0%,
White Grape Punch,Large,30%,0,0,0,0,0,15,55,0,52,0,0%,
White Grape Punch,Large,0%,0,0,0,0,0,15,46,0,42,0,0%,
Sunshine Grape-ade,Medium,100%,0,0,0,0,0,12,57,0,51,0,0%,
Sunshine Grape-ade,Medium,70%,0,0,0,0,0,12,49,0,44,0,0%,
Sunshine Grape-ade,Large,100%,0,0,0,0,0,15,74,0,66,0,0%,
Sunshine Grape-ade,Large,70%,1,0,0,0,0,16,66,0,59,0,0%,
Kung Fu Milk Black Tea,Medium,0%,25,3,3,0,1,100,37,3,4,1,10%,
Kung Fu Milk Black Tea,Medium,30%,25,3,3,0,1,100,49,3,16,1,10%,
Kung Fu Milk Black Tea,Medium,50%,25,3,3,0,1,100,54,3,21,1,10%,
Kung Fu Milk Black Tea,Medium,70%,25,3,3,0,1,100,61,3,27,1,10%,
Kung Fu Milk Black Tea,Medium,100%,25,3,3,0,1,100,73,3,39,1,10%,
Kung Fu Milk Black Tea,Large,0%,30,4,4,0,1,150,56,5,7,2,15%,
Kung Fu Milk Black Tea,Large,30%,30,4,4,0,1,150,73,5,23,2,15%,
Kung Fu Milk Black Tea,Large,50%,30,4,4,0,1,150,80,5,30,2,15%,
Kung Fu Milk Black Tea,Large,70%,30,4,4,0,1,150,89,5,39,2,15%,
Kung Fu Milk Black Tea,Large,100%,30,4,4,0,1,150,103,5,53,2,15%,
Kung Fu Milk Black Tea,Hot,0%,45,5,5,0,1,170,66,6,8,2,15%,
Kung Fu Milk Black Tea,Hot,30%,45,5,5,0,1,170,82,6,24,2,15%,
Kung Fu Milk Black Tea,Hot,50%,45,5,5,0,1,170,89,6,31,2,15%,
Kung Fu Milk Black Tea,Hot,70%,45,5,5,0,1,170,98,6,40,2,15%,
Kung Fu Milk Black Tea,Hot,100%,45,5,5,0,1,170,113,6,54,2,15%,
Kung Fu Milk Green Tea,Medium,0%,25,3,3,0,1,100,37,3,4,1,10%,
Kung Fu Milk Green Tea,Medium,30%,25,3,3,0,1,100,49,3,16,1,10%,
Kung Fu Milk Green Tea,Medium,50%,25,3,3,0,1,100,54,3,21,1,10%,
Kung Fu Milk Green Tea,Medium,70%,25,3,3,0,1,100,61,3,27,1,10%,
Kung Fu Milk Green Tea,Medium,100%,25,3,3,0,1,100,73,3,39,1,10%,
Kung Fu Milk Green Tea,Large,0%,30,4,4,0,1,150,56,5,7,2,15%,
Kung Fu Milk Green Tea,Large,30%,30,4,4,0,1,150,73,5,23,2,15%,
Kung Fu Milk Green Tea,Large,50%,30,4,4,0,1,150,80,5,30,2,15%,
Kung Fu Milk Green Tea,Large,70%,30,4,4,0,1,150,89,5,39,2,15%,
Kung Fu Milk Green Tea,Large,100%,30,4,4,0,1,150,103,5,53,2,15%,
Kung Fu Milk Green Tea,Hot,0%,45,5,5,0,1,170,66,6,8,2,15%,
Kung Fu Milk Green Tea,Hot,30%,45,5,5,0,1,170,82,6,24,2,15%,
Kung Fu Milk Green Tea,Hot,50%,45,5,5,0,1,170,89,6,31,2,15%,
Kung Fu Milk Green Tea,Hot,70%,45,5,5,0,1,170,98,6,40,2,15%,
Kung Fu Milk Green Tea,Hot,100%,45,5,5,0,1,170,113,6,54,2,15%,
Oolong Milk Tea,Medium,0%,25,3,3,0,1,100,37,3,4,1,10%,
Oolong Milk Tea,Medium,30%,25,3,3,0,1,100,49,3,16,1,10%,
Oolong Milk Tea,Medium,50%,25,3,3,0,1,100,54,3,21,1,10%,
Oolong Milk Tea,Medium,70%,25,3,3,0,1,100,61,3,27,1,10%,
Oolong Milk Tea,Medium,100%,25,3,3,0,1,100,73,3,39,1,10%,
Oolong Milk Tea,Large,0%,30,4,4,0,1,150,56,5,7,2,15%,
Oolong Milk Tea,Large,30%,30,4,4,0,1,150,73,5,23,2,15%,
Oolong Milk Tea,Large,50%,30,4,4,0,1,150,80,5,30,2,15%,
Oolong Milk Tea,Large,70%,30,4,4,0,1,150,89,5,39,2,15%,
Oolong Milk Tea,Large,100%,30,4,4,0,1,150,103,5,53,2,15%,
Oolong Milk Tea,Hot,0%,45,5,5,0,1,170,66,6,8,2,15%,
Oolong Milk Tea,Hot,30%,45,5,5,0,1,170,82,6,24,2,15%,
Oolong Milk Tea,Hot,50%,45,5,5,0,1,170,89,6,31,2,15%,
Oolong Milk Tea,Hot,70%,45,5,5,0,1,170,98,6,40,2,15%,
Oolong Milk Tea,Hot,100%,45,5,5,0,1,170,113,6,54,2,15%,
Thai Milk Tea,Medium,0%,25,3,3,0,1,100,37,3,4,1,10%,
Thai Milk Tea,Medium,30%,25,3,3,0,1,100,49,3,16,1,10%,
Thai Milk Tea,Medium,50%,25,3,3,0,1,100,54,3,21,1,10%,
Thai Milk Tea,Medium,70%,25,3,3,0,1,100,61,3,27,1,10%,
Thai Milk Tea,Medium,100%,25,3,3,0,1,100,73,3,39,1,10%,
Thai Milk Tea,Large,0%,30,4,4,0,1,150,56,5,7,2,15%,
Thai Milk Tea,Large,30%,30,4,4,0,1,150,73,5,23,2,15%,
Thai Milk Tea,Large,50%,30,4,4,0,1,150,80,5,30,2,15%,
Thai Milk Tea,Large,70%,30,4,4,0,1,150,89,5,39,2,15%,
Thai Milk Tea,Large,100%,30,4,4,0,1,150,103,5,53,2,15%,
Thai Milk Tea,Hot,0%,45,5,5,0,1,170,66,6,8,2,15%,
Thai Milk Tea,Hot,30%,45,5,5,0,1,170,82,6,24,2,15%,
Thai Milk Tea,Hot,50%,45,5,5,0,1,170,89,6,31,2,15%,
Thai Milk Tea,Hot,70%,45,5,5,0,1,170,98,6,40,2,15%,
Thai Milk Tea,Hot,100%,45,5,5,0,1,170,113,6,54,2,15%,
Milk Tea (One Topping),Medium,0%,20,2,2,0,1,75,28,2,3,1,6%,
Milk Tea (One Topping),Medium,30%,20,2,2,0,1,75,37,2,13,1,6%,
Milk Tea (One Topping),Medium,50%,20,2,2,0,1,75,42,2,17,1,6%,
Milk Tea (One Topping),Medium,70%,20,2,2,0,1,75,49,2,24,1,6%,
Milk Tea (One Topping),Medium,100%,20,2,2,0,1,75,59,2,33,1,6%,
Milk Tea (One Topping),Large,0%,30,4,4,0,1,125,47,4,5,1,10%,
Milk Tea (One Topping),Large,30%,30,4,4,0,1,125,59,4,17,1,15%,
Milk Tea (One Topping),Large,50%,30,4,4,0,1,125,68,4,26,1,10%,
Milk Tea (One Topping),Large,70%,30,4,4,0,1,125,75,4,33,1,10%,
Milk Tea (One Topping),Large,100%,30,4,4,0,1,125,89,4,47,1,10%,
Milk Tea (One Topping),Hot,0%,40,4,4,0,1,150,56,5,7,2,15%,
Milk Tea (One Topping),Hot,30%,40,4,4,0,1,150,70,5,20,2,15%,
Milk Tea (One Topping),Hot,50%,40,4,4,0,1,150,77,5,27,2,15%,
Milk Tea (One Topping),Hot,70%,40,4,4,0,1,150,84,5,34,2,15%,
Milk Tea (One Topping),Hot,100%,40,4,4,0,1,150,99,5,48,2,15%,
Milk Tea (Two Topping),Medium,0%,15,2,2,0,0,50,19,2,2,1,4%,
Milk Tea (Two Topping),Medium,30%,15,2,2,0,0,50,26,2,9,1,4%,
Milk Tea (Two Topping),Medium,50%,15,2,2,0,0,50,30,2,14,1,4%,
Milk Tea (Two Topping),Medium,70%,15,2,2,0,0,50,35,2,18,1,4%,
Milk Tea (Two Topping),Medium,100%,15,2,2,0,0,50,42,2,25,1,4%,
Milk Tea (Two Topping),Large,0%,25,3,3,0,1,100,37,3,4,1,10%,
Milk Tea (Two Topping),Large,30%,25,3,3,0,1,100,49,3,16,1,10%,
Milk Tea (Two Topping),Large,50%,25,3,3,0,1,100,54,3,21,1,10%,
Milk Tea (Two Topping),Large,70%,25,3,3,0,1,100,61,3,27,1,10%,
Milk Tea (Two Topping),Large,100%,25,3,3,0,1,100,73,3,39,1,10%,
Milk Tea (Two Topping),Hot,0%,30,4,4,0,1,125,47,4,5,1,10%,
Milk Tea (Two Topping),Hot,30%,30,4,4,0,1,125,54,4,12,1,10%,
Milk Tea (Two Topping),Hot,50%,30,4,4,0,1,125,61,4,19,1,10%,
Milk Tea (Two Topping),Hot,70%,30,4,4,0,1,125,70,4,29,1,10%,
Milk Tea (Two Topping),Hot,100%,30,4,4,0,1,125,82,4,40,1,10%,
Taro Milk Tea,Medium,0%,25,3,3,0,1,115,66,3,32,1,10%,
Taro Milk Tea,Medium,30%,25,3,3,0,1,115,71,3,37,1,10%,
Taro Milk Tea,Medium,50%,25,3,3,0,1,115,75,3,42,1,10%,
Taro Milk Tea,Medium,70%,25,3,3,0,1,115,80,3,46,1,10%,
Taro Milk Tea,Medium,100%,25,3,3,0,1,115,85,3,51,1,10%,
Taro Milk Tea,Large,0%,30,4,4,0,1,140,85,4,43,1,10%,
Taro Milk Tea,Large,30%,30,4,4,0,1,140,92,4,50,1,10%,
Taro Milk Tea,Large,50%,30,4,4,0,1,140,96,4,54,1,10%,
Taro Milk Tea,Large,70%,30,4,4,0,1,140,101,4,59,1,10%,
Taro Milk Tea,Large,100%,30,4,4,0,1,140,108,4,66,1,10%,
Taro Milk Tea,Hot,0%,30,4,4,0,1,150,94,4,52,1,10%,
Taro Milk Tea,Hot,30%,30,4,4,0,1,150,101,4,59,1,10%,
Taro Milk Tea,Hot,50%,30,4,4,0,1,150,106,4,64,1,10%,
Taro Milk Tea,Hot,70%,30,4,4,0,1,150,111,4,68,1,10%,
Taro Milk Tea,Hot,100%,30,4,4,0,1,150,118,4,75,1,10%,
Taro Milk Green Tea,Medium,0%,25,3,3,0,1,115,66,3,32,1,10%,
Taro Milk Green Tea,Medium,30%,25,3,3,0,1,115,71,3,37,1,10%,
Taro Milk Green Tea,Medium,50%,25,3,3,0,1,115,75,3,42,1,10%,
Taro Milk Green Tea,Medium,70%,25,3,3,0,1,115,80,3,46,1,10%,
Taro Milk Green Tea,Medium,100%,25,3,3,0,1,115,85,3,51,1,10%,
Taro Milk Green Tea,Large,0%,30,4,4,0,1,140,85,4,43,1,10%,
Taro Milk Green Tea,Large,30%,30,4,4,0,1,140,92,4,50,1,10%,
Taro Milk Green Tea,Large,50%,30,4,4,0,1,140,96,4,54,1,10%,
Taro Milk Green Tea,Large,70%,30,4,4,0,1,140,101,4,59,1,10%,
Taro Milk Green Tea,Large,100%,30,4,4,0,1,140,108,4,66,1,10%,
Taro Milk Green Tea,Hot,0%,30,4,4,0,1,150,94,4,52,1,10%,
Taro Milk Green Tea,Hot,30%,30,4,4,0,1,150,101,4,59,1,10%,
Taro Milk Green Tea,Hot,50%,30,4,4,0,1,150,106,4,64,1,10%,
Taro Milk Green Tea,Hot,70%,30,4,4,0,1,150,111,4,68,1,10%,
Taro Milk Green Tea,Hot,100%,30,4,4,0,1,150,118,4,75,1,10%,
Coffee Milk Tea,Medium,0%,25,3,3,0,1,100,37,3,4,1,10%,
Coffee Milk Tea,Medium,30%,25,3,3,0,1,100,49,3,16,1,10%,
Coffee Milk Tea,Medium,50%,25,3,3,0,1,100,54,3,21,1,10%,
Coffee Milk Tea,Medium,70%,25,3,3,0,1,100,61,3,27,1,10%,
Coffee Milk Tea,Medium,100%,25,3,3,0,1,100,73,3,39,1,10%,
Coffee Milk Tea,Large,0%,40,4,4,0,1,150,56,5,7,2,15%,
Coffee Milk Tea,Large,30%,40,4,4,0,1,150,68,5,18,2,15%,
Coffee Milk Tea,Large,50%,40,4,4,0,1,150,80,5,30,2,15%,
Coffee Milk Tea,Large,70%,40,4,4,0,1,150,89,5,39,2,15%,
Coffee Milk Tea,Large,100%,40,4,4,0,1,150,103,5,53,2,15%,
Coffee Milk Tea,Hot,0%,45,5,5,0,1,180,66,6,8,2,15%,
Coffee Milk Tea,Hot,30%,45,5,5,0,1,180,77,6,19,2,15%,
Coffee Milk Tea,Hot,50%,45,5,5,0,1,180,89,6,31,2,15%,
Coffee Milk Tea,Hot,70%,45,5,5,0,1,180,98,6,40,2,15%,
Coffee Milk Tea,Hot,100%,45,5,5,0,1,180,113,6,54,2,15%,
Coconut Milk Tea,Medium,0%,220,24,19,0,0,70,38,2,2,2,4%,
Coconut Milk Tea,Medium,30%,220,24,19,0,0,70,45,2,9,2,4%,
Coconut Milk Tea,Medium,50%,220,24,19,0,0,70,50,2,14,2,4%,
Coconut Milk Tea,Medium,70%,220,24,19,0,0,70,55,2,18,2,4%,
Coconut Milk Tea,Medium,100%,220,24,19,0,0,70,62,2,25,2,4%,
Coconut Milk Tea,Large,0%,310,34,27,0,1,100,55,2,3,2,6%,
Coconut Milk Tea,Large,30%,310,34,27,0,1,100,67,2,15,2,6%,
Coconut Milk Tea,Large,50%,310,34,27,0,1,100,72,2,19,2,6%,
Coconut Milk Tea,Large,70%,310,34,27,0,1,100,79,2,26,2,6%,
Coconut Milk Tea,Large,100%,310,34,27,0,1,100,91,2,38,2,6%,
Coconut Milk Tea,Hot,0%,360,40,31,0,1,105,60,2,3,3,6%,
Coconut Milk Tea,Hot,30%,360,40,31,0,1,105,72,2,15,3,6%,
Coconut Milk Tea,Hot,50%,360,40,31,0,1,105,77,2,19,3,6%,
Coconut Milk Tea,Hot,70%,360,40,31,0,1,105,84,2,26,3,6%,
Coconut Milk Tea,Hot,100%,360,40,31,0,1,105,96,2,38,3,6%,
Honey Milk Tea,Medium,30%,25,3,3,0,1,100,51,3,16,1,10%,
Honey Milk Tea,Medium,50%,25,3,3,0,1,100,56,3,21,1,10%,
Honey Milk Tea,Medium,70%,25,3,3,0,1,100,64,3,27,1,10%,
Honey Milk Tea,Medium,100%,25,3,3,0,1,100,74,3,37,1,10%,
Honey Milk Tea,Large,30%,40,4,4,0,1,150,72,5,20,2,15%,
Honey Milk Tea,Large,50%,40,4,4,0,1,150,83,5,30,2,15%,
Honey Milk Tea,Large,70%,40,4,4,0,1,150,93,5,39,2,15%,
Honey Milk Tea,Large,100%,40,4,4,0,1,150,109,5,53,2,15%,
Honey Milk Tea,Hot,100%,50,5,5,0,0,190,123,6,54,2,15%,
Honey Milk Green Tea,Medium,30%,25,3,3,0,1,100,51,3,16,1,10%,
Honey Milk Green Tea,Medium,50%,25,3,3,0,1,100,56,3,21,1,10%,
Honey Milk Green Tea,Medium,70%,25,3,3,0,1,100,64,3,27,1,10%,
Honey Milk Green Tea,Medium,100%,25,3,3,0,1,100,74,3,37,1,10%,
Honey Milk Green Tea,Large,30%,40,4,4,0,1,150,72,5,20,2,15%,
Honey Milk Green Tea,Large,50%,40,4,4,0,1,150,83,5,30,2,15%,
Honey Milk Green Tea,Large,70%,40,4,4,0,1,150,93,5,39,2,15%,
Honey Milk Green Tea,Large,100%,40,4,4,0,1,150,109,5,53,2,15%,
Honey Milk Green Tea,Hot,100%,50,5,5,0,0,190,123,6,54,2,15%,
Honey Oolong Milk Tea,Medium,30%,25,3,3,0,1,100,51,3,16,1,10%,
Honey Oolong Milk Tea,Medium,50%,25,3,3,0,1,100,56,3,21,1,10%,
Honey Oolong Milk Tea,Medium,70%,25,3,3,0,1,100,64,3,27,1,10%,
Honey Oolong Milk Tea,Medium,100%,25,3,3,0,1,100,74,3,37,1,10%,
Honey Oolong Milk Tea,Large,30%,40,4,4,0,1,150,72,5,20,2,15%,
Honey Oolong Milk Tea,Large,50%,40,4,4,0,1,150,83,5,32,2,15%,
Honey Oolong Milk Tea,Large,70%,40,4,4,0,1,150,93,5,39,2,15%,
Honey Oolong Milk Tea,Large,100%,40,4,4,0,1,150,109,5,53,2,15%,
Honey Oolong Milk Tea,Hot,100%,50,5,5,0,0,190,123,6,54,2,15%,
Almond Milk Tea,Medium,70%,10,1,1,0,0,40,27,1,14,0,4%,
Almond Milk Tea,Medium,100%,10,1,1,0,0,40,39,1,26,0,4%,
Almond Milk Tea,Large,70%,15,2,2,0,0,60,46,2,27,1,6%,
Almond Milk Tea,Large,100%,15,2,2,0,0,60,58,2,39,1,6%,
Almond Milk Tea,Hot,70%,25,3,3,0,1,100,67,3,34,1,10%,
Almond Milk Tea,Hot,100%,25,3,3,0,1,100,79,3,46,1,10%,
Winter Melon Milk Green Tea,Medium,70%,20,2,2,0,1,80,43,2,17,1,6%,
Winter Melon Milk Green Tea,Medium,100%,20,2,2,0,1,80,51,2,24,1,6%,
Winter Melon Milk Green Tea,Large,70%,25,3,3,0,1,105,56,3,22,1,10%,
Winter Melon Milk Green Tea,Large,100%,25,3,3,0,1,105,66,3,30,1,10%,
Winter Melon Milk Green Tea,Hot,70%,30,4,3,0,1,130,66,4,23,1,10%,
Winter Melon Milk Green Tea,Hot,100%,30,4,3,0,1,130,75,4,31,1,10%,
Rosehip Milk Tea,Medium,100%,20,2,2,0,0,90,60,2,34,1,6%,
Rosehip Milk Tea,Large,100%,25,3,3,0,0,120,80,3,46,1,10%,
Yogurt Green Tea,Medium,0%,0,0,0,0,0,30,24,0,22,2,8%,
Yogurt Green Tea,Medium,30%,0,0,0,0,0,30,33,0,31,2,8%,
Yogurt Green Tea,Medium,50%,0,0,0,0,0,30,38,0,34,2,8%,
Yogurt Green Tea,Medium,70%,0,0,0,0,0,30,43,0,38,2,8%,
Yogurt Green Tea,Medium,100%,0,0,0,0,0,30,52,0,48,2,8%,
Yogurt Green Tea,Large,0%,0,0,0,0,0,45,36,0,30,3,10%,
Yogurt Green Tea,Large,30%,0,0,0,0,0,45,50,0,47,3,10%,
Yogurt Green Tea,Large,50%,0,0,0,0,0,45,57,0,51,3,10%,
Yogurt Green Tea,Large,70%,0,0,0,0,0,45,64,0,58,3,10%,
Yogurt Green Tea,Large,100%,0,0,0,0,0,45,78,0,72,3,10%,
Yogurt Orange,Medium,0%,0,0,0,0,0,25,34,0,28,3,8%,
Yogurt Orange,Medium,30%,0,0,0,0,0,25,39,0,32,3,8%,
Yogurt Orange,Medium,50%,0,0,0,0,0,25,41,0,35,3,8%,
Yogurt Orange,Medium,70%,0,0,0,0,0,25,43,0,37,3,8%,
Yogurt Orange,Medium,100%,0,0,0,0,0,25,50,0,44,3,8%,
Yogurt Orange,Large,0%,0,0,0,0,0,30,47,0,38,4,10%,
Yogurt Orange,Large,30%,0,0,0,0,0,30,54,0,45,4,10%,
Yogurt Orange,Large,50%,0,0,0,0,0,30,59,0,50,4,10%,
Yogurt Orange,Large,70%,0,0,0,0,0,30,63,0,55,4,10%,
Yogurt Orange,Large,100%,0,0,0,0,0,30,70,0,61,4,10%,
Yogurt Grapefruit,Medium,0%,0,0,0,0,0,30,24,0,20,2,8%,
Yogurt Grapefruit,Medium,30%,0,0,0,0,0,30,31,0,27,2,8%,
Yogurt Grapefruit,Medium,50%,0,0,0,0,0,30,30,0,38,2,8%,
Yogurt Grapefruit,Medium,70%,0,0,0,0,0,30,45,0,41,2,8%,
Yogurt Grapefruit,Medium,100%,0,0,0,0,0,30,52,0,48,2,8%,
Yogurt Grapefruit,Large,0%,0,0,0,0,0,45,36,0,30,3,10%,
Yogurt Grapefruit,Large,30%,0,0,0,0,0,45,48,0,42,3,10%,
Yogurt Grapefruit,Large,50%,0,0,0,0,0,45,55,0,48,3,10%,
Yogurt Grapefruit,Large,70%,0,0,0,0,0,45,67,0,60,3,10%,
Yogurt Grapefruit,Large,100%,0,0,0,0,0,45,76,0,69,3,10%,
Signature Coffee,Medium,0%,15,2,1,0,0,14,19,2,2,1,4%,
Signature Coffee,Medium,30%,15,2,1,0,0,14,23,2,7,1,4%,
Signature Coffee,Medium,50%,15,2,1,0,0,14,26,2,9,1,4%,
Signature Coffee,Medium,70%,15,2,1,0,0,14,28,2,11,1,4%,
Signature Coffee,Medium,100%,15,2,1,0,0,14,33,2,16,1,4%,
Signature Coffee,Large,0%,20,2,2,0,28,100,28,2,3,1,6%,
Signature Coffee,Large,30%,20,2,2,0,28,100,35,2,10,1,6%,
Signature Coffee,Large,50%,20,2,2,0,28,100,37,2,13,1,6%,
Signature Coffee,Large,70%,20,2,2,0,28,100,42,2,17,1,6%,
Signature Coffee,Large,100%,20,2,2,0,28,100,47,2,22,1,6%,
Signature Coffee,Hot,0%,0,2,2,0,1,25,28,2,3,1,6%,
Signature Coffee,Hot,30%,0,2,2,0,1,25,33,2,8,1,6%,
Signature Coffee,Hot,50%,0,2,2,0,1,25,35,2,10,1,6%,
Signature Coffee,Hot,70%,0,2,2,0,1,25,37,2,13,1,6%,
Signature Coffee,Hot,100%,0,2,2,0,1,25,42,2,17,1,6%,
Coffee Latte,Medium,0%,35,4,2,0,18,73,6,0,6,4,15%,
Coffee Latte,Medium,30%,35,4,2,0,18,73,13,0,13,4,15%,
Coffee Latte,Medium,50%,35,4,2,0,18,73,15,0,15,4,15%,
Coffee Latte,Medium,70%,35,4,2,0,18,73,20,0,20,4,15%,
Coffee Latte,Medium,100%,35,4,2,0,18,73,25,0,24,4,15%,
Coffee Latte,Large,0%,49,5,3,0,26,102,9,0,9,5,20%,
Coffee Latte,Large,30%,49,5,3,0,26,102,18,0,18,5,20%,
Coffee Latte,Large,50%,49,5,3,0,26,103,23,0,22,5,20%,
Coffee Latte,Large,70%,49,5,3,0,26,103,27,0,27,5,20%,
Coffee Latte,Large,100%,49,5,3,0,26,103,37,0,36,5,20%,
Coffee Latte,Hot,0%,64,7,4,0,33,128,11,0,11,7,30%,
Coffee Latte,Hot,30%,64,7,4,0,33,128,16,0,16,7,30%,
Coffee Latte,Hot,50%,64,7,4,0,33,128,18,0,18,7,30%,
Coffee Latte,Hot,70%,64,7,4,0,33,128,20,0,20,7,30%,
Coffee Latte,Hot,100%,64,7,4,0,33,129,25,0,25,7,30%,
Mocha,Medium,0%,35,4,2,0,18,80,24,0,21,4,15%,
Mocha,Medium,30%,35,4,2,0,18,80,29,0,26,4,15%,
Mocha,Medium,50%,35,4,2,0,18,80,29,0,26,4,15%,
Mocha,Medium,70%,35,4,2,0,18,80,31,0,28,4,15%,
Mocha,Medium,100%,35,4,2,0,18,80,36,0,33,4,15%,
Mocha,Large,0%,49,5,3,0,26,116,41,1,36,5,20%,
Mocha,Large,30%,49,5,3,0,26,116,48,1,42,5,20%,
Mocha,Large,50%,49,5,3,0,26,116,50,1,45,5,20%,
Mocha,Large,70%,49,5,3,0,26,116,55,1,49,5,20%,
Mocha,Large,100%,49,5,3,0,26,116,59,1,54,5,20%,
Mocha,Hot,0%,64,7,4,0,33,139,38,0,34,7,30%,
Mocha,Hot,30%,64,7,4,0,33,139,42,0,38,7,30%,
Mocha,Hot,50%,64,7,4,0,33,139,42,0,38,7,30%,
Mocha,Hot,70%,64,7,4,0,33,139,42,0,38,7,30%,
Mocha,Hot,100%,64,7,4,0,33,140,45,0,40,7,30%,
Cappuccino,Medium,0%,35,4,2,0,18,73,6,0,6,4,15%,
Cappuccino,Medium,30%,35,4,2,0,18,73,13,0,13,4,15%,
Cappuccino,Medium,50%,35,4,2,0,18,73,15,0,15,4,15%,
Cappuccino,Medium,70%,35,4,2,0,18,73,20,0,20,4,15%,
Cappuccino,Medium,100%,35,4,2,0,18,73,25,0,24,4,15%,
Cappuccino,Large,0%,49,5,3,0,26,102,9,0,9,5,20%,
Cappuccino,Large,30%,49,5,3,0,26,102,16,0,15,5,20%,
Cappuccino,Large,50%,49,5,3,0,26,103,20,0,20,5,20%,
Cappuccino,Large,70%,49,5,3,0,26,103,25,0,25,5,20%,
Cappuccino,Large,100%,49,5,3,0,26,103,32,0,32,5,20%,
Cappuccino,Hot,0%,64,7,4,0,33,128,11,0,11,7,30%,
Cappuccino,Hot,30%,64,7,4,0,33,128,16,0,16,7,30%,
Cappuccino,Hot,50%,64,7,4,0,33,128,18,0,18,7,30%,
Cappuccino,Hot,70%,64,7,4,0,33,128,20,0,20,7,30%,
Cappuccino,Hot,100%,64,7,4,0,33,129,25,0,25,7,30%,
Caramel Macchiato,Medium,0%,0,1,1,0,0,14,36,2,19,1,4%,
Caramel Macchiato,Medium,30%,0,1,1,0,0,14,41,2,24,1,4%,
Caramel Macchiato,Medium,50%,0,1,1,0,0,14,41,2,24,1,4%,
Caramel Macchiato,Medium,70%,0,1,1,0,0,14,41,2,24,1,4%,
Caramel Macchiato,Medium,100%,0,1,1,0,0,14,43,2,26,1,4%,
Caramel Macchiato,Large,0%,0,2,2,0,1,25,56,2,31,1,6%,
Caramel Macchiato,Large,30%,0,2,2,0,1,25,61,2,35,1,6%,
Caramel Macchiato,Large,50%,0,2,2,0,1,25,61,2,35,1,6%,
Caramel Macchiato,Large,70%,0,2,2,0,1,25,63,2,37,1,6%,
Caramel Macchiato,Large,100%,0,2,2,0,1,25,68,2,42,1,6%,
Caramel Macchiato,Hot,0%,0,2,2,0,1,25,46,2,20,1,6%,
Caramel Macchiato,Hot,30%,0,2,2,0,1,25,50,2,25,1,6%,
Caramel Macchiato,Hot,50%,0,2,2,0,1,25,50,2,25,1,6%,
Caramel Macchiato,Hot,70%,0,2,2,0,1,25,50,2,25,1,6%,
Caramel Macchiato,Hot,100%,0,2,2,0,1,25,53,2,27,1,6%,
Coffee Slush,Medium,0%,25,3,3,0,0,100,37,3,4,1,10%,
Coffee Slush,Medium,30%,25,3,3,0,0,100,49,3,16,1,10%,
Coffee Slush,Medium,50%,25,3,3,0,0,100,54,3,21,1,10%,
Coffee Slush,Medium,70%,25,3,3,0,0,100,61,3,27,1,10%,
Coffee Slush,Medium,100%,25,,,,0,100,,,,,10%,
Coffee Slush,Large,0%,40,4,4,0,0,150,56,5,7,2,15%,
Coffee Slush,Large,30%,40,4,4,0,0,150,70,5,20,2,15%,
Coffee Slush,Large,50%,40,4,4,0,0,150,68,5,18,2,15%,
Coffee Slush,Large,70%,40,4,4,0,0,150,89,5,39,2,15%,
Coffee Slush,Large,100%,40,0,0,0,0,150,42,0,35,0,15%,
Caramel Macchiato Slush,Medium,0%,25,3,3,0,0,100,52,3,18,1,10%,
Caramel Macchiato Slush,Medium,30%,25,0,3,0,0,100,57,3,23,1,10%,
Caramel Macchiato Slush,Medium,50%,25,3,3,0,0,100,61,3,27,1,10%,
Caramel Macchiato Slush,Medium,70%,25,3,3,0,0,100,33,3,32,1,10%,
Caramel Macchiato Slush,Medium,100%,25,0,0,0,0,100,71,3,36,1,10%,
Caramel Macchiato Slush,Large,0%,40,4,4,,,150,78,5,27,2,15%,
Caramel Macchiato Slush,Large,30%,40,4,4,0,0,150,87,0,36,2,15%,
Caramel Macchiato Slush,Large,50%,40,4,4,0,0,150,92,5,41,2,15%,
Caramel Macchiato Slush,Large,70%,40,4,4,0,0,150,97,5,45,2,15%,
Caramel Macchiato Slush,Large,100%,40,0,0,0,0,150,106,0,55,1,15%,
Italian Mocha Slush,Medium,0%,25,3,3,0,0,110,55,4,19,1,10%,
Italian Mocha Slush,Medium,30%,25,3,3,0,0,110,62,4,26,1,10%,
Italian Mocha Slush,Medium,50%,25,3,3,0,0,110,67,4,30,1,10%,
Italian Mocha Slush,Medium,70%,25,3,3,0,0,110,71,4,35,1,10%,
Italian Mocha Slush,Medium,100%,25,,3,,0,110,78,,,,10%,
Italian Mocha Slush,Large,0%,40,4,4,0,0,170,88,6,33,2,15%,
Italian Mocha Slush,Large,30%,40,4,4,0,0,170,99,6,44,2,15%,
Italian Mocha Slush,Large,50%,40,4,4,0,0,170,104,6,49,2,15%,
Italian Mocha Slush,Large,70%,40,4,4,0,0,170,111,6,56,2,15%,
Italian Mocha Slush,Large,100%,40,,,,0,170,123,6,67,,15%,
Coffee Wow Milk Cap,Medium,100%,190,21,9,0,25,390,39,0,18,3,40%,
Coffee Wow Milk Cap,Medium,70%,190,21,9,0,25,390,34,0,14,3,40%,
Coffee Wow Milk Cap,Medium,50%,190,21,9,0,25,390,32,0,11,3,40%,
Coffee Wow Milk Cap,Medium,30%,190,21,9,0,25,390,29,0,9,3,40%,
Coffee Wow Milk Cap,Medium,0%,190,21,9,0,25,390,25,0,5,3,40%,
Coffee Wow Milk Cap,Large,100%,190,21,9,0,25,390,43,0,23,3,40%,
Coffee Wow Milk Cap,Large,70%,190,21,9,0,25,390,39,0,18,3,40%,
Coffee Wow Milk Cap,Large,50%,190,21,9,0,25,390,34,0,14,3,40%,
Coffee Wow Milk Cap,Large,30%,190,21,9,0,25,390,29,0,9,3,40%,
Coffee Wow Milk Cap,Large,0%,190,21,9,0,25,390,25,0,5,3,40%,
Coffee Wow Milk Cap,Hot,100%,190,21,9,0,25,390,39,0,18,3,40%,
Coffee Wow Milk Cap,Hot,70%,190,21,9,0,25,390,34,0,14,3,40%,
Coffee Wow Milk Cap,Hot,50%,190,21,9,0,25,390,32,0,11,3,40%,
Coffee Wow Milk Cap,Hot,30%,190,21,9,0,25,390,29,0,9,3,40%,
Coffee Wow Milk Cap,Hot,0%,190,21,9,0,25,390,25,0,5,3,40%,
Chai Milk,Medium,0%,35,4,2,0,18,62,6,0,6,4,15%,
Chai Milk,Medium,30%,35,4,2,0,18,63,18,0,18,4,15%,
Chai Milk,Medium,50%,35,4,2,0,18,63,22,0,22,4,15%,
Chai Milk,Medium,70%,35,4,2,0,18,63,30,0,29,4,15%,
Chai Milk,Medium,100%,35,4,2,0,18,63,41,0,41,4,15%,
Chai Milk,Large,0%,49,5,3,0,26,88,9,0,9,5,20%,
Chai Milk,Large,30%,49,5,3,0,26,89,23,0,22,5,20%,
Chai Milk,Large,50%,49,5,3,0,26,89,32,0,32,5,20%,
Chai Milk,Large,70%,49,5,3,0,26,89,41,0,41,5,20%,
Chai Milk,Large,100%,49,5,3,0,26,89,56,0,55,5,20%,
Chai Milk,Hot,0%,64,7,4,0,33,114,11,0,11,7,30%,
Chai Milk,Hot,30%,64,7,4,0,33,115,25,0,25,7,30%,
Chai Milk,Hot,50%,64,7,4,0,33,115,35,0,34,7,30%,
Chai Milk,Hot,70%,64,7,4,0,33,115,44,0,43,7,30%,
Chai Milk,Hot,100%,64,7,4,0,33,115,58,0,57,7,30%,
Ginger Milk,Medium,70%,42,5,3,0,18,87,36,<1,25,4,15%,
Ginger Milk,Medium,100%,42,5,3,0,18,87,41,1,30,4,15%,
Ginger Milk,Large,70%,60,7,5,0,25,103,63,1,45,6,20%,
Ginger Milk,Large,100%,61,7,5,0,25,129,71,1,52,6,20%,
Ginger Milk,Hot,70%,76,7,6,0,32,155,65,0,47,8,30%,
Ginger Milk,Hot,100%,76,8,6,0,32,155,73,1,54,8,30%,
Cocoa Cream Wow,Medium,100%,67,7,5,0,34,128,51,0,30,7,20%,
Cocoa Cream Wow,Large,100%,131,14,9,0,68,249,83,0,50,14,35%,
Cocoa Cream Wow,Hot,100%,110,12,8,0,55,190,20,0,18,12,35%,
Oreo Wow,Medium,100%,80,8,5,0,30,164,56,1,33,8,25%,
Oreo Wow,Large,100%,120,13,7,0,50,254,88,1,49,13,40%,
Oreo Wow,Hot,100%,150,16,0,0,60,304,93,1,54,16,50%,
Red Bean Wow,Medium,100%,47,5,3,0,24,95,77,2,46,7,20%,
Red Bean Wow,Large,100%,77,8,5,0,40,154,117,2,71,12,35%,
Red Bean Wow,Hot,100%,103,11,7,0,53,199,121,2,75,14,45%,
Herbal Jelly Wow,Medium,100%,25,3,2,0,13,147,58,0,34,3,10%,
Herbal Jelly Wow,Large,100%,44,5,3,0,23,231,89,0,52,5,20%,
Herbal Jelly Wow,Hot,100%,70,7,5,0,36,276,93,0,57,8,30%,
Matcha Milk,Medium,100%,25,13,4,0,13,44,64,0,49,13,15%,
Matcha Milk,Large,100%,35,17,6,0,18,62,85,0,65,17,20%,
Matcha Milk,Hot,100%,73,13,6,0,38,130,44,0,37,13,60%,
Sesame Matcha,Medium,100%,110,12,5,0,30,125,44,0,31,11,25%,
Sesame Matcha,Large,100%,130,15,6,0,35,160,56,0,39,14,30%,
Sesame Matcha,Hot,100%,130,15,6,0,35,160,56,0,39,14,30%,
Cocoa,Medium,100%,160,17,14,0,35,210,64,3,48,11,30%,
Cocoa,Medium,70%,160,17,14,0,35,210,54,3,39,11,30%,
Cocoa,Medium,50%,160,17,14,0,35,210,47,3,32,11,30%,
Cocoa,Medium,30%,160,17,14,0,35,210,40,3,25,11,30%,
Cocoa,Medium,0%,160,17,14,0,35,210,33,3,18,11,30%,
Cocoa,Large,100%,200,22,17,0,45,260,85,4,64,14,40%,
Cocoa,Large,70%,200,22,17,0,45,260,70,4,50,14,40%,
Cocoa,Large,50%,200,22,17,0,45,260,63,4,43,14,40%,
Cocoa,Large,30%,200,22,17,0,45,260,45,4,36,14,40%,
Cocoa,Large,0%,200,22,17,0,45,260,42,4,22,14,40%,
Cocoa,Hot,100%,160,17,14,0,35,210,52,3,36,11,30%,
Cocoa,Hot,70%,160,17,14,0,35,210,47,3,32,11,30%,
Cocoa,Hot,50%,160,17,14,0,35,210,42,3,27,11,30%,
Cocoa,Hot,30%,160,17,14,0,35,210,38,3,22,11,30%,
Cocoa,Hot,0%,160,17,14,0,35,210,33,3,18,11,30%,
Black Tea Wow Milk Cap,Medium,100%,190,21,9,0,25,390,41,0,21,3,40%,
Black Tea Wow Milk Cap,Medium,70%,190,21,9,0,25,390,36,0,16,3,40%,
Black Tea Wow Milk Cap,Medium,50%,190,21,9,0,25,390,32,0,11,3,40%,
Black Tea Wow Milk Cap,Medium,30%,190,21,9,0,25,390,29,0,9,3,40%,
Black Tea Wow Milk Cap,Medium,0%,190,21,9,0,25,390,25,0,5,3,40%,
Black Tea Wow Milk Cap,Large,100%,190,21,9,0,25,390,48,0,28,3,40%,
Black Tea Wow Milk Cap,Large,70%,190,21,9,0,25,390,41,0,21,3,40%,
Black Tea Wow Milk Cap,Large,50%,190,21,9,0,25,390,36,0,16,3,40%,
Black Tea Wow Milk Cap,Large,30%,190,21,9,0,25,390,32,0,11,3,40%,
Black Tea Wow Milk Cap,Large,0%,190,21,9,0,25,390,25,0,5,3,40%,
Black Tea Wow Milk Cap,Hot,100%,190,21,9,0,25,390,60,0,39,3,40%,
Black Tea Wow Milk Cap,Hot,70%,190,21,9,0,25,390,48,0,28,3,40%,
Black Tea Wow Milk Cap,Hot,50%,190,21,9,0,25,390,41,0,21,3,40%,
Black Tea Wow Milk Cap,Hot,30%,190,21,9,0,25,390,36,0,16,3,40%,
Black Tea Wow Milk Cap,Hot,0%,190,21,9,0,25,390,25,0,5,3,40%,
Green Tea Wow Milk Cap,Medium,100%,190,21,9,0,25,390,41,0,21,3,40%,
Green Tea Wow Milk Cap,Medium,70%,190,21,9,0,25,390,36,0,16,3,40%,
Green Tea Wow Milk Cap,Medium,50%,190,21,9,0,25,390,32,0,11,3,40%,
Green Tea Wow Milk Cap,Medium,30%,190,21,9,0,25,390,29,0,9,3,40%,
Green Tea Wow Milk Cap,Medium,0%,190,21,9,0,25,390,25,0,5,3,40%,
Green Tea Wow Milk Cap,Large,100%,190,21,9,0,25,390,48,0,28,3,40%,
Green Tea Wow Milk Cap,Large,70%,190,21,9,0,25,390,41,0,21,3,40%,
Green Tea Wow Milk Cap,Large,50%,190,21,9,0,25,390,36,0,16,3,40%,
Green Tea Wow Milk Cap,Large,30%,190,21,9,0,25,390,32,0,11,3,40%,
Green Tea Wow Milk Cap,Large,0%,190,21,9,0,25,390,25,0,5,3,40%,
Green Tea Wow Milk Cap,Hot,100%,190,21,9,0,25,390,60,0,39,3,40%,
Green Tea Wow Milk Cap,Hot,70%,190,21,9,0,25,390,48,0,28,3,40%,
Green Tea Wow Milk Cap,Hot,50%,190,21,9,0,25,390,41,0,21,3,40%,
Green Tea Wow Milk Cap,Hot,30%,190,21,9,0,25,390,36,0,16,3,40%,
Green Tea Wow Milk Cap,Hot,0%,190,21,9,0,25,390,25,0,5,3,40%,
Oolong Tea Wow Milk Cap,Medium,100%,190,21,9,0,25,390,41,0,21,3,40%,
Oolong Tea Wow Milk Cap,Medium,70%,190,21,9,0,25,390,36,0,16,3,40%,
Oolong Tea Wow Milk Cap,Medium,50%,190,21,9,0,25,390,32,0,11,3,40%,
Oolong Tea Wow Milk Cap,Medium,30%,190,21,9,0,25,390,29,0,9,3,40%,
Oolong Tea Wow Milk Cap,Medium,0%,190,21,9,0,25,390,25,0,5,3,40%,
Oolong Tea Wow Milk Cap,Large,100%,190,21,9,0,25,390,48,0,28,3,40%,
Oolong Tea Wow Milk Cap,Large,70%,190,21,9,0,25,390,41,0,21,3,40%,
Oolong Tea Wow Milk Cap,Large,50%,190,21,9,0,25,390,36,0,16,3,40%,
Oolong Tea Wow Milk Cap,Large,30%,190,21,9,0,25,390,32,0,11,3,40%,
Oolong Tea Wow Milk Cap,Large,0%,190,21,9,0,25,390,25,0,5,3,40%,
Oolong Tea Wow Milk Cap,Hot,100%,190,21,9,0,25,390,60,0,39,3,40%,
Oolong Tea Wow Milk Cap,Hot,70%,190,21,9,0,25,390,48,0,28,3,40%,
Oolong Tea Wow Milk Cap,Hot,50%,190,21,9,0,25,390,41,0,21,3,40%,
Oolong Tea Wow Milk Cap,Hot,30%,190,21,9,0,25,390,36,0,16,3,40%,
Oolong Tea Wow Milk Cap,Hot,0%,190,21,9,0,25,390,25,0,5,3,40%,
Roasted Chestnut Milk Tea,Medium,100%,15,2,2,0,0,55,56,2,34,<1,4%,
Roasted Chestnut Milk Tea,Medium,70%,15,2,2,0,0,55,52,2,30,<1,4%,
Roasted Chestnut Milk Tea,Medium,2%,15,2,2,0,0,55,51,2,29,<1,4%,
Roasted Chestnut Milk Tea,Large,100%,20,3,2,0,0,80,71,3,40,<1,6%,
Roasted Chestnut Milk Tea,Large,70%,20,3,2,0,0,80,67,3,36,<1,6%,
Roasted Chestnut Milk Tea,Large,2%,20,3,2,0,0,80,66,3,35,<1,6%,
Roasted Chestnut Milk Tea,Hot,100%,30,4,3,0,0,115,93,4,49,1,8%,
Roasted Chestnut Milk Tea,Hot,70%,30,4,3,0,0,115,89,4,46,1,8%,
Roasted Chestnut Milk Tea,Hot,2%,30,3,3,0,0,115,88,4,44,1,8%,
Roasted Chestnut Slush,Medium,100%,45,5,4,0,15,120,73,3,41,4,15%,
Roasted Chestnut Slush,Medium,70%,45,5,4,0,15,120,69,3,38,4,15%,
Roasted Chestnut Slush,Medium,2%,45,5,4,0,15,120,67,3,36,4,15%,
Roasted Chestnut Slush,Large,100%,60,7,5,0,15,170,95,4,52,5,20%,
Roasted Chestnut Slush,Large,70%,60,7,5,0,15,170,92,4,48,5,20%,
Roasted Chestnut Slush,Large,2%,60,7,5,0,15,170,90,4,47,5,20%,
Boosted Strawberry Lemonade,Large,100%,0,0,0,0,0,90,73,0,59,0,0%,
Boosted Strawberry Lemonade,Large,70%,0,0,0,0,0,90,70,0,56,0,0%,
Boosted Strawberry Lemonade,Large,50%/30%,0,0,0,0,0,90,68,0,54,0,0%,
Boosted Strawberry Lemonade,Large,0%,0,0,0,0,0,90,65,0,51,0,0%,
Boosted Guava Mango Slush,Large,100%,0,0,0,0,0,135,88,0,72,0,0%,
Strawberry Milk Tea,Medium,100%,20,2,2,0,0,120,120,3,56,<1,6%,
Strawberry Milk Tea,Medium,70%,20,2,2,0,0,120,90,3,51,<1,6%,
Strawberry Milk Tea,Medium,50%,20,2,2,0,0,120,87,3,48,<1,6%,
Strawberry Milk Tea,Medium,30%,20,2,2,0,0,120,84,3,45,<1,6%,
Strawberry Milk Tea,Medium,0%,20,2,2,0,0,120,79,3,40,<1,6%,
Strawberry Milk Tea,Large,100%,30,4,3,0,0,170,135,4,79,1,8%,
Strawberry Milk Tea,Large,70%,30,3,3,0,0,170,129,4,73,1,8%,
Strawberry Milk Tea,Large,50%,30,3,3,0,0,170,122,4,66,1,8%,
Strawberry Milk Tea,Large,30%,30,3,3,0,0,170,119,4,64,1,8%,
Strawberry Milk Tea,Large,0%,30,3,3,0,0,170,110,4,56,1,8%,
Mango Milk Tea,Medium,100%,20,2,2,0,0,160,105,3,63,<1,6%,
Mango Milk Tea,Medium,70%,20,2,2,0,0,160,101,3,59,<1,6%,
Mango Milk Tea,Medium,30%/50%,20,2,2,0,0,160,98,3,57,<1,6%,
Mango Milk Tea,Medium,0%,20,2,2,0,0,160,91,3,50,<1,6%,
Mango Milk Tea,Large,100%,30,3,3,0,0,220,143,4,84,1,8%,
Mango Milk Tea,Large,70%,30,3,3,0,0,220,137,4,79,1,8%,
Mango Milk Tea,Large,50%,30,3,3,0,0,220,134,4,76,1,8%,
Mango Milk Tea,Large,30%,30,3,3,0,0,220,131,4,73,1,8%,
Mango Milk Tea,Large,0%,30,3,3,0,0,220,125,4,68,1,8%,
Peach Milk Tea,Medium,70%/100%,20,2,2,0,0,80,75,3,43,<1,6%,
Peach Milk Tea,Medium,30%/50%,20,2,2,0,0,80,64,3,34,<1,6%,
Peach Milk Tea,Medium,0%,20,2,2,0,0,80,54,3,24,<1,6%,
Peach Milk Tea,Large,100%,30,3,3,0,0,115,108,4,62,1,8%,
Peach Milk Tea,Large,70%,30,3,3,0,0,115,97,4,53,1,8%,
Peach Milk Tea,Large,30%/50%,30,3,3,0,0,115,87,4,44,1,8%,
Peach Milk Tea,Large,0%,30,3,3,0,0,115,76,4,34,1,8%,
Taro Slush,Medium,0%,25,3,3,0,0,125,94,3,60,1,10%,
Taro Slush,Medium,30%,25,3,3,0,0,125,101,3,67,1,10%,
Taro Slush,Medium,50%,25,3,3,0,0,125,106,3,72,1,10%,
Taro Slush,Medium,70%,25,3,3,0,0,125,111,3,77,1,10%,
Taro Slush,Medium,100%,25,3,3,0,0,125,118,3,84,1,10%,
Taro Slush,Large,0%,30,4,4,0,0,160,113,4,71,1,10%,
Taro Slush,Large,30%,30,4,4,0,0,160,123,4,80,1,10%,
Taro Slush,Large,50%,30,4,4,0,0,160,127,4,85,1,10%,
Taro Slush,Large,70%,30,4,4,0,0,160,134,4,92,1,10%,
Taro Slush,Large,100%,30,4,4,0,0,160,144,4,101,1,10%,
Red Bean Slush,Medium,0%,0,0,0,0,0,0,87,4,59,6,4%,
Red Bean Slush,Medium,30%,0,0,0,0,0,0,94,4,66,6,4%,
Red Bean Slush,Medium,50%,0,0,0,0,0,0,99,4,71,6,4%,
Red Bean Slush,Medium,70%,0,0,0,0,0,0,104,4,76,6,4%,
Red Bean Slush,Medium,100%,0,0,0,0,0,0,111,4,82,6,4%,
Red Bean Slush,Large,30%,0,0,0,0,0,5,128,5,91,8,6%,
Red Bean Slush,Large,50%,0,0,0,0,0,5,133,5,95,8,6%,
Red Bean Slush,Large,70%,0,0,0,0,0,5,140,5,102,8,6%,
Red Bean Slush,Large,100%,0,0,0,0,0,5,151,5,114,8,6%,
Mango Slush,Medium,100%,0,0,0,0,0,40,66,<1,59,0,0%,
Mango Slush,Large,100%,0,0,0,0,0,60,95,1,84,0,0%,
Mango Snow,Medium,100%,20,2,2,0,0,115,95,3,62,<1,6%,
Mango Snow,Large,100%,25,3,3,0,1,160,132,4,88,1,6%,
Pineapple Slush,Medium,100%,0,0,0,0,0,30,83,1,70,1,0%,
Pineapple Slush,Large,100%,0,0,0,0,0,40,111,2,93,1,0%,
Pina Colada Slush,Medium,100%,0,24,18,0,0,33,75,1,41,2,2%,
Pina Colada Slush,Large,100%,0,30,23,0,22,42,102,2,55,2,4%,
Passion Fruit Slush,Medium,0%,0,0,0,0,0,10,44,0,42,0,0%,
Passion Fruit Slush,Medium,30%,0,0,0,0,0,10,51,0,49,0,0%,
Passion Fruit Slush,Medium,50%,0,0,0,0,0,10,53,0,52,0,0%,
Passion Fruit Slush,Medium,70%,0,0,0,0,0,10,58,0,56,0,0%,
Passion Fruit Slush,Medium,100%,0,0,0,0,0,10,63,0,61,0,0%,
Passion Fruit Slush,Large,0%,0,0,0,0,0,15,61,0,59,0,0%,
Passion Fruit Slush,Large,30%,0,0,0,0,0,15,68,0,66,0,0%,
Passion Fruit Slush,Large,50%,0,0,0,0,0,15,75,0,73,0,0%,
Passion Fruit Slush,Large,70%,0,0,0,0,0,15,80,,78,0,0%,
Passion Fruit Slush,Large,100%,0,0,0,0,0,15,90,0,87,0,0%,
Matcha Red Bean,Medium,100%,0,8,3,0,0,1,98,3,60,10,45%,
Matcha Red Bean,Large,100%,0,12,5,0,1,2,148,5,88,14,60%,
Strawberry Milk Slush,Medium,100%,50,6,4,0,25,100,70,0,66,6,20%,
Strawberry Milk Slush,Large,100%,70,8,5,0,35,140,104,0,98,8,30%,
Caribbean Breeze Slush,Medium,100%,0,0,0,0,0,0,74,0,70,0,,
Caribbean Breeze Slush,Large,100%,0,0,0,0,0,0,95,0,90,0,0%,
Oreo Slush,Medium,100%,70,8,5,0,10,280,87,4,38,5,20%,
Oreo Slush,Large,100%,100,11,6,0,15,350,109,5,50,7,25%,
Blueberry Creamsicle,Medium,100%,26,3,3,0,1,261,136,3,102,1,8%,
Blueberry Creamsicle,Medium,70%,26,3,3,0,1,260,119,3,86,1,8%,
Blueberry Creamsicle,Medium,50%,26,3,3,0,1,260,110,3,77,1,8%,
Blueberry Creamsicle,Medium,30%,26,3,3,0,1,260,100,3,67,1,8%,
Blueberry Creamsicle,Medium,0%,26,3,3,0,1,260,84,3,51,1,8%,
Blueberry Creamsicle,Large,100%,38,4,4,0,1,351,180,5,130,2,10%,
Blueberry Creamsicle,Large,70%,38,4,4,0,1,351,161,5,111,2,10%,
Blueberry Creamsicle,Large,50%,38,4,4,0,1,350,147,5,98,2,10%,
Blueberry Creamsicle,Large,30%,38,4,4,0,1,350,133,5,84,2,10%,
Blueberry Creamsicle,Large,0%,38,4,4,0,1,350,114,5,65,2,10%,
Blueberry Lemon Slush,Medium,100%,0,0,0,0,0,161,105,0,105,0,0%,
Blueberry Lemon Slush,Medium,70%,0,1,0,0,0,161,86,0,86,0,0%,
Blueberry Lemon Slush,Medium,50%,0,0,0,0,0,160,74,0,75,0,0%,
Blueberry Lemon Slush,Medium,30%,0,0,0,0,0,160,65,0,65,0,0%,
Blueberry Lemon Slush,Medium,0%,0,0,0,0,0,160,47,0,47,0,0%,
Blueberry Lemon Slush,Large,100%,1,0,0,0,0,201,124,0,123,0,0%,
Blueberry Lemon Slush,Large,70%,1,0,0,0,0,201,105,0,105,0,0%,
Blueberry Lemon Slush,Large,50%,1,0,0,0,0,201,91,0,91,0,0%,
Blueberry Lemon Slush,Large,30%,1,0,0,0,0,200,77,0,77,0,0%,
Blueberry Lemon Slush,Large,0%,1,0,0,0,0,200,58,0,58,0,0%,
Kiwi Yogurt Slush,Medium,100%,13,1,1,0,0,89,86,2,66,2,6%,
Kiwi Yogurt Slush,Medium,70%,13,1,1,0,0,89,79,2,59,2,6%,
Kiwi Yogurt Slush,Medium,50%,13,1,1,0,0,89,74,2,54,2,6%,
Kiwi Yogurt Slush,Medium,30%,13,1,1,0,0,89,70,2,49,2,6%,
Kiwi Yogurt Slush,Medium,0%,13,1,1,0,0,89,63,6,43,2,6%,
Kiwi Yogurt Slush,Large,100%,17,2,2,0,1,125,119,2,38,3,10%,
Kiwi Yogurt Slush,Large,70%,17,2,2,0,1,125,110,2,82,3,10%,
Kiwi Yogurt Slush,Large,50%,17,2,2,0,1,125,102,2,75,3,10%,
Kiwi Yogurt Slush,Large,30%,17,2,2,0,1,124,98,2,70,3,10%,
Kiwi Yogurt Slush,Large,0%,17,2,2,0,1,124,88,61,61,3,10%,
Honey Guava Slush,Medium,100%,0,0,0,0,0,28,67,0,61,0,0%,
Honey Guava Slush,Medium,70%,0,0,0,0,0,28,59,0,54,0,0%,
Honey Guava Slush,Large,100%,0,0,0,0,0,36,89,0,81,0,0%,
Honey Guava Slush,Large,70%,0,0,0,0,0,36,78,0,72,0,0%,
S'mores Slush,Medium,100%,110,13,10,0,0,330,140,7,70,5,10%,
S'mores Slush,Medium,70%,110,13,10,0,0,330,126,7,57,5,10%,
S'mores Slush,Medium,50%,110,13,10,0,0,330,119,7,50,5,10%,
S'mores Slush,Medium,30%,110,13,10,0,0,330,112,7,43,5,10%,
S'mores Slush,Medium,0%,110,13,10,0,0,330,98,7,29,5,10%,
S'mores Slush,Large,100%,140,15,13,0,0,380,168,8,84,6,15%,
S'mores Slush,Large,70%,140,15,13,0,0,380,154,8,70,6,15%,
S'mores Slush,Large,50%,140,15,13,0,0,380,144,8,61,6,15%,
S'mores Slush,Large,30%,140,15,13,0,0,380,135,8,52,6,15%,
S'mores Slush,Large,0%,140,15,13,0,0,380,121,8,38,6,15%,
S'mores Slush with Coffee,Medium,100%,110,13,10,0,0,330,140,7,70,5,10%,
S'mores Slush with Coffee,Medium,70%,110,13,10,0,0,330,126,7,57,5,10%,
S'mores Slush with Coffee,Medium,50%,110,13,10,0,0,330,119,7,50,5,10%,
S'mores Slush with Coffee,Medium,30%,110,13,10,0,0,330,112,7,43,5,10%,
S'mores Slush with Coffee,Medium,0%,110,13,10,0,0,330,98,7,29,5,10%,
S'mores Slush with Coffee,Large,100%,140,15,13,0,0,380,168,8,84,6,15%,
S'mores Slush with Coffee,Large,70%,140,15,13,0,0,380,154,8,70,6,15%,
S'mores Slush with Coffee,Large,50%,140,15,13,0,0,380,144,8,61,6,15%,
S'mores Slush with Coffee,Large,30%,140,15,13,0,0,380,135,8,52,6,15%,
S'mores Slush with Coffee,Large,0%,140,15,13,0,0,380,121,8,38,6,15%,
White Grape Slush,Medium,100%,0,0,0,0,0,15,69,0,66,0,0%,
White Grape Slush,Medium,70%,0,0,0,0,0,15,62,0,59,0,0%,
White Grape Slush,Medium,50%,0,0,0,0,0,15,57,0,54,0,0%,
White Grape Slush,Medium,30%,0,0,0,0,0,15,53,0,49,0,0%,
White Grape Slush,Medium,0%,0,0,0,0,0,15,46,0,42,0,0%,
White Grape Slush,Large,100%,0,0,0,0,0,20,88,0,83,0,0%,
White Grape Slush,Large,70%,0,0,0,0,0,20,78,0,74,0,0%,
White Grape Slush,Large,50%,0,0,0,0,0,20,71,0,67,0,0%,
White Grape Slush,Large,30%,0,0,0,0,0,20,66,0,62,0,0%,
White Grape Slush,Large,0%,0,0,0,0,0,20,57,0,53,0,0%,
Cocoa Lava Slush,Medium,100%,90,24,19,0,10,380,133,8,73,9,15%,
Cocoa Lava Slush,Medium,70%,90,24,19,0,10,380,121,8,62,9,15%,
Cocoa Lava Slush,Medium,50%,90,24,19,0,10,380,114,8,55,9,15%,
Cocoa Lava Slush,Medium,30%,90,24,19,0,10,380,109,8,50,9,15%,
Cocoa Lava Slush,Medium,0%,90,24,19,0,10,380,97,8,39,9,15%,
Cocoa Lava Slush,Large,100%,96,28,22,0,15,447,160,9,88,10,15%,
Cocoa Lava Slush,Large,70%,96,28,22,0,15,447,146,9,75,10,15%,
Cocoa Lava Slush,Large,50%,96,28,22,0,15,447,137,9,66,10,15%,
Cocoa Lava Slush,Large,30%,96,28,22,0,15,447,127,9,56,10,15%,
Cocoa Lava Slush,Large,0%,96,28,22,0,15,447,113,9,43,10,15%,
Passion Grape Slush,Medium,100%,0,0,0,0,0,20,82,0,75,0,0%,
Passion Grape Slush,Medium,70%,0,0,0,0,0,20,74,0,68,0,0%,
Passion Grape Slush,Large,100%,0,0,0,0,0,27,109,0,100,0,0%,
Passion Grape Slush,Large,70%,0,0,0,0,0,27,101,0,93,0,0%,
Passion Fruit Swirl (Minion Mischief),Medium,100%,130,14,7,0,16,355,98,2,42,2,6%,
Passion Fruit Swirl (Minion Mischief),Medium,70%,130,14,7,0,16,355,95,2,39,2,6%,
Passion Fruit Swirl (Minion Mischief),Medium,50%/30%,130,14,7,0,16,355,95,2,39,2,6%,
Passion Fruit Swirl (Minion Mischief),Large,100%,178.52,20,10,0,22,482,132,2,56,3,8%,
Passion Fruit Swirl (Minion Mischief),Large,70%,178.52,20,10,0,22,482,127,2,51,3,8%,
Passion Fruit Swirl (Minion Mischief),Large,50%,178.52,20,10,0,22,482,126,2,50,3,8%,
Passion Fruit Swirl (Minion Mischief),Large,30%,178.52,,10,0,22,482,125,2,50,3,8%,
Fruity Flurry (Kirby's Fruity Flurry),Medium,100%,0,0,0,0,0,55,97,1,84,0,0%,
Fruity Flurry (Kirby's Fruity Flurry),Medium,70%,0,0,0,0,0,55,87,<1,74,0,0%,
Fruity Flurry (Kirby's Fruity Flurry),Large,100%,0,0,0,0,0,147,129,1,121,0,1%,
Fruity Flurry (Kirby's Fruity Flurry),Large,70%,0,0,0,0,0,147,121,1,114,0,1%,
Tropical Punch (Pikmin Tropical Punch),Large,100%,0,0,0,0,0,20,97,0,90,0,4%,
Tropical Punch (Pikmin Tropical Punch),Large,70%,0,0,0,0,0,20,94,0,87,0,4%,
Tropical Punch (Pikmin Tropical Punch),Large,30%/50%,0,0,0,0,0,20,91,0,85,0,4%,
Tropical Punch (Pikmin Tropical Punch),Large,0%,0,0,0,0,0,20,88,0,82,0,4%,
Tropical Slush (Pikmin Tropical Slush),Large,100%,0,0,0,0,0,25,108,0,100,0,6%,
Tropical Slush (Pikmin Tropical Slush),Large,70%,0,0,0,0,0,25,105,0,97,0,6%,
Tropical Slush (Pikmin Tropical Slush),Large,30%/50%,0,0,0,0,0,25,102,0,95,0,6%,
Tropical Slush (Pikmin Tropical Slush),Large,0%,0,0,0,0,0,25,99,0,92,0,6%,
Pistachio Milk Tea,Medium,100%,0,11,10,0,0,125,86,0,68,<1,6%,
Pistachio Milk Tea,Medium,70%,0,11,10,0,0,125,83,0,65,<1,6%,
Pistachio Milk Tea,Medium,30%/50%,0,11,10,0,0,125,81,0,63,<1,6%,
Pistachio Milk Tea,Medium,0%,0,11,10,0,0,125,77,0,60,<1,6%,
Pistachio Milk Tea,Large,100%,0,16,15,0,0,170,112,0,86,1,10%,
Pistachio Milk Tea,Large,70%,0,16,15,0,0,170,109,0,83,1,10%,
Pistachio Milk Tea,Large,30%/50%,0,16,15,0,0,170,107,0,82,1,10%,
Pistachio Milk Tea,Large,0%,0,16,15,0,0,170,103,0,78,1,10%,
Pistachio Milk Tea,Hot,100%,0,19,18,0,0,200,122,<1,92,2,10%,
Pistachio Milk Tea,Hot,70%,0,19,18,0,0,190,120,<1,90,2,10%,
Pistachio Milk Tea,Hot,30%/50%,0,19,18,0,0,190,118,<1,88,2,10%,
Pistachio Milk Tea,Hot,0%,0,19,18,0,0,190,115,<1,85,2,10%,
Pistachio Latte,Medium,100%,0,4,3.5,0,0,85,67,0,60,0,2%,
Pistachio Latte,Medium,70%,0,4,3.5,0,0,85,64,0,57,0,2%,
Pistachio Latte,Large,100%,0,8,7,0,0,125,93,0,80,<1,4%,
Pistachio Latte,Large,70%,0,8,7,0,0,125,87,0,75,<1,4%,
Pistachio Latte,Hot,100%,0,11,10,0,0,130,89,0,71,<1,6%,
Pistachio Latte,Hot,70%,0,11,10,0,0,130,83,0,65,<1,6%,
Pistachio Almond Slush,Medium,100%,0,16,15,0,0,140,92,0,67,1,10%,
Pistachio Almond Slush,Large,100%,0,19,18,0,0,180,119,<1,90,2,10%,
Spooky Slush (Without Oreos),Large,100%,15,27,24,0,10,230,125,0,75,3,10%,
Spooky Slush (Without Oreos),Large,70%,15,27,24,0,10,230,111,0,62,3,10%,
Spooky Slush (Without Oreos),Large,50%,15,27,24,0,10,230,103,0,54,3,10%,
Spooky Slush (Without Oreos),Large,30%,15,27,24,0,10,230,96,0,48,3,10%,
Spooky Slush (Without Oreos),Large,0%,15,27,24,0,10,230,82,0,35,3,10%,
Spooky Slush (Spirit's Spooky Slush)(With Oreos),Large,100%,30,29,24,0,10,290,132,0,79,4,10%,
Spooky Slush (Spirit's Spooky Slush)(With Oreos),Large,70%,30,29,24,0,10,290,119,0,66,4,10%,
Spooky Slush (Spirit's Spooky Slush)(With Oreos),Large,50%,30,29,24,0,10,290,110,0,58,4,10%,
Spooky Slush (Spirit's Spooky Slush)(With Oreos),Large,30%,30,29,24,0,10,290,104,0,52,4,10%,
Spooky Slush (Spirit's Spooky Slush)(With Oreos),Large,0%,30,28,24,0,10,290,90,0,39,4,10%,
Espresso Thai Tea,Medium,100%,0,16,15,0,0,140,66,0,31,1,10%,
Espresso Thai Tea,Medium,70%,0,16,15,0,0,140,58,0,23,1,10%,
Espresso Thai Tea,Medium,50%,0,16,15,0,0,140,53,0,18,1,10%,
Espresso Thai Tea,Medium,30%,0,16,15,0,0,140,49,0,15,1,10%,
Espresso Thai Tea,Medium,0%,0,16,15,0,0,140,40,0,7,1,10%,
Espresso Thai Tea,Large,100%,0,24,21,0,<5,210,92,<1,42,2,15%,
Espresso Thai Tea,Large,70%,0,24,21,0,<5,210,82,<1,32,2,15%,
Espresso Thai Tea,Large,50%,0,24,21,0,<5,210,76,<1,26,2,15%,
Espresso Thai Tea,Large,30%,0,23,21,0,<5,200,70,<1,21,2,15%,
Espresso Thai Tea,Large,0%,0,23,21,0,<5,200,58,<1,10,2,15%,
Espresso Thai Tea,Hot,100%,0,24,21,0,<5,170,94,<1,50,2,15%,
Espresso Thai Tea,Hot,70%,0,24,21,0,<5,170,80,<1,37,2,15%,
Espresso Thai Tea,Hot,50%,0,24,21,0,<5,170,72,<1,29,2,15%,
Espresso Thai Tea,Hot,30%,0,23,21,0,<5,170,65,<1,23,2,15%,
Espresso Thai Tea,Hot,0%,0,23,21,0,<5,170,51,<1,10,2,15%,
Toffee Thai Tea,Medium,100%,0,11,10,0,0,115,75,0,48,<1,6%,
Toffee Thai Tea,Medium,70%,0,11,10,0,0,115,72,0,45,<1,6%,
Toffee Thai Tea,Medium,30%/50%,0,11,10,0,0,115,70,0,43,<1,6%,
Toffee Thai Tea,Medium,0%,0,11,10,0,0,115,66,0,40,<1,6%,
Toffee Thai Tea,Large,100%,0,16,15,0,0,160,93,0,55,1,10%,
Toffee Thai Tea,Large,70%,0,16,15,0,0,160,90,0,52,1,10%,
Toffee Thai Tea,Large,30%/50%,0,16,15,0,0,160,88,0,50,1,10%,
Toffee Thai Tea,Large,0%,0,16,15,0,0,160,84,0,47,1,10%,
Toffee Thai Tea,Hot,100%,0,24,21,0,<5,180,120,<1,76,2,15%,
Toffee Thai Tea,Hot,70%,0,23,21,0,<5,170,114,<1,71,2,15%,
Toffee Thai Tea,Hot,50%,0,23,21,0,<5,170,111,<1,68,2,15%,
Toffee Thai Tea,Hot,30%,0,23,21,0,<5,170,107,<1,65,2,15%,
Toffee Thai Tea,Hot,0%,0,23,21,0,<5,170,102,<1,60,2,15%,
Mangonada,Medium,100%,0,0,0,0,0,3160,83,0,63,0,0%,
Mangonada,Medium,70%,0,0,0,0,0,3130,62,0,47,0,0%,
Mangonada,Large,100%,0,0,0,0,0,3570,107,0,81,0,0%,
Mangonada,Large,70%,0,0,0,0,0,3540,86,0,65,0,0%,
Malted Milk Black/Green/Oolong/Thai Tea,Black Tea,100%,0,13,11,0,0,115,70,2,33,2,4%,
Malted Milk Black/Green/Oolong/Thai Tea,Green Tea,70%,0,13,11,0,0,115,67,2,30,2,4%,
Malted Milk Black/Green/Oolong/Thai Tea,Oolong Tea,50%,0,13,11,0,0,115,64,2,27,2,4%,
Malted Milk Black/Green/Oolong/Thai Tea,Thai Tea,30%,0,13,11,0,0,115,62,2,25,2,4%,
Malted Milk Black/Green/Oolong/Thai Tea,Thai Tea,0%,0,13,11,0,0,115,57,2,20,2,4%,
Malted Milk Black/Green/Oolong/Thai Tea,Black Tea,100%,0,14,12,0,0,125,82,2,40,2,4%,
Malted Milk Black/Green/Oolong/Thai Tea,Green Tea,70%,0,14,12,0,0,125,77,2,35,2,4%,
Malted Milk Black/Green/Oolong/Thai Tea,Oolong Tea,50%,0,14,12,0,0,125,74,2,32,2,4%,
Malted Milk Black/Green/Oolong/Thai Tea,Thai Tea,30%,0,14,12,0,0,125,70,2,29,2,4%,
Malted Milk Black/Green/Oolong/Thai Tea,Thai Tea,0%,0,14,12,0,0,125,65,2,24,2,4%,
Malted Milk Black/Green/Oolong/Thai Tea,Black Tea,100%,0,24,21,0,0,190,117,3,56,3,10%,
Malted Milk Black/Green/Oolong/Thai Tea,Green Tea,70%,0,24,21,0,0,190,109,3,48,3,10%,
Malted Milk Black/Green/Oolong/Thai Tea,Oolong Tea,50%,0,24,21,0,0,190,103,3,43,3,10%,
Malted Milk Black/Green/Oolong/Thai Tea,Thai Tea,30%,0,24,21,0,0,190,100,3,40,3,10%,
Malted Milk Black/Green/Oolong/Thai Tea,Thai Tea,0%,0,23,21,0,0,190,91,3,32,3,10%,
Malted Cocoa Bliss,Medium,100%,0,12,11,0,0,130,90,5,48,4,2%,
Malted Cocoa Bliss,Medium,70%,0,12,11,0,0,130,82,5,41,4,2%,
Malted Cocoa Bliss,Medium,50%,0,12,11,0,0,130,76,5,36,4,2%,
Malted Cocoa Bliss,Medium,30%,0,12,11,0,0,130,73,5,33,4,2%,
Malted Cocoa Bliss,Medium,0%,0,12,11,0,0,130,64,5,24,4,2%,
Malted Cocoa Bliss,Large,100%,0,20,18,0,<5,200,124,9,65,7,6%,
Malted Cocoa Bliss,Large,70%,0,20,18,0,<5,200,114,9,55,7,6%,
Malted Cocoa Bliss,Large,50%,0,20,18,0,<5,200,108,9,49,7,6%,
Malted Cocoa Bliss,Large,30%,0,20,18,0,<5,200,102,9,44,7,6%,
Malted Cocoa Bliss,Large,0%,0,20,18,0,<5,200,90,9,33,7,6%,
Peach Premiere Green Tea,Medium,100%,0,0,0,0,0,15,50,<1,45,0,0%,
Peach Premiere Green Tea,Medium,70%,0,0,0,0,0,15,46,<1,41,0,0%,
Peach Premiere Green Tea,Medium,30%/50%,0,0,0,0,0,15,44,<1,39,0,0%,
Peach Premiere Green Tea,Medium,0%,0,0,0,0,0,15,41,<1,36,0,0%,
Peach Premiere Green Tea,Large,100%,0,0,0,0,0,20,68,1,61,0,0%,
Peach Premiere Green Tea,Large,70%,0,0,0,0,0,20,65,1,58,0,0%,
Peach Premiere Green Tea,Large,50%,0,0,0,0,0,20,61,1,55,0,0%,
Peach Premiere Green Tea,Large,30%,0,0,0,0,0,20,60,1,53,0,0%,
Peach Premiere Green Tea,Large,0%,0,0,0,0,0,20,54,1,48,0,0%,
Spotlight Sipper,Medium,100%,0,0,0,0,0,10,50,0,45,0,0%,
Spotlight Sipper,Medium,70%,0,0,0,0,0,10,43,0,39,0,0%,
Spotlight Sipper,Medium,50%,0,0,0,0,0,10,36,0,32,0,0%,
Spotlight Sipper,Medium,30%,0,0,0,0,0,10,29,0,26,0,0%,
Spotlight Sipper,Large,100%,0,0,0,0,0,15,66,0,59,0,2%,
Spotlight Sipper,Large,70%,0,0,0,0,0,15,59,0,53,0,2%,
Spotlight Sipper,Large,50%,0,0,0,0,0,15,52,0,46,0,2%,
Spotlight Sipper,Large,30%,0,0,0,0,0,15,44,0,40,0,2%,
Peach's Showstopping Milk Tea,Medium,70%/100%,0,11,10,0,0,85,122,0,54,2,8%,
Peach's Showstopping Milk Tea,Medium,30%/50%,0,11,10,0,0,85,106,0,40,2,8%,
Peach's Showstopping Milk Tea,Medium,0%,0,11,10,0,0,85,90,0,26,2,8%,
Peach's Showstopping Milk Tea,Large,100%,0,16,15,0,0,120,179,0,78,3,10%,
Peach's Showstopping Milk Tea,Large,70%,0,16,15,0,0,120,163,0,64,3,10%,
Peach's Showstopping Milk Tea,Large,30%/50%,0,16,15,0,0,120,147,0,50,3,10%,
Peach's Showstopping Milk Tea,Large,0%,0,16,15,0,0,120,131,0,36,3,10%,
The Leading Lady,Medium,100%,30,10,9,0,15,190,64,0,46,1,0%,
The Leading Lady,Medium,70%,30,10,9,0,15,190,60,0,43,1,0%,
The Leading Lady,Medium,30%/50%,30,10,9,0,15,190,58,0,41,1,0%,
The Leading Lady,Medium,0%,30,10,9,0,15,190,55,0,38,1,0%,
The Leading Lady,Large,100%,45,15,14,0,25,290,86,0,61,2,0%,
The Leading Lady,Large,70%,45,15,14,0,25,290,81,0,57,2,0%,
The Leading Lady,Large,50%,45,15,14,0,25,290,78,0,54,2,0%,
The Leading Lady,Large,30%,45,15,14,0,25,290,75,0,51,2,0%,
The Leading Lady,Large,0%,45,15,14,0,25,290,69,0,46,2,0%,
Dragon Warrior,Medium,100%,0,0,0,0,0,3080,75,0,70,0,10%,
Dragon Warrior,Large,100%,0,0,0,0,0,3370,96,0,90,0,10%,
Po's Skadoosh Slush,Medium,100%,0,19,12,0,0,190,92,2,62,2,6%,
Po's Skadoosh Slush,Medium,70%,0,19,12,0,0,190,89,2,59,2,6%,
Po's Skadoosh Slush,Medium,30%/50%,0,19,12,0,0,190,86,2,56,2,6%,
Po's Skadoosh Slush,Medium,0%,0,18,12,0,0,190,79,2,50,2,6%,
Po's Skadoosh Slush,Large,100%,0,26,17,0,0,250,119,2,78,3,10%,
Po's Skadoosh Slush,Large,70%,0,26,17,0,0,250,114,2,73,3,10%,
Po's Skadoosh Slush,Large,50%,0,26,17,0,0,250,111,2,70,3,10%,
Po's Skadoosh Slush,Large,30%,0,26,17,0,0,250,107,2,67,3,10%,
Po's Skadoosh Slush,Large,0%,0,26,17,0,0,250,102,2,62,3,10%,
Zhen's Taro Treasure,Medium,100%,0,26,22,0,15,490,154,0,121,8,20%,
Zhen's Taro Treasure,Medium,70%,0,26,22,0,15,490,151,0,118,8,20%,
Zhen's Taro Treasure,Medium,50%,0,26,22,0,15,490,148,0,115,8,20%,
Zhen's Taro Treasure,Medium,30%,0,26,22,0,15,490,146,0,113,8,20%,
Zhen's Taro Treasure,Medium,0%,0,26,22,0,15,490,141,0,108,8,20%,
Zhen's Taro Treasure,Large,100%,0,29,25,0,15,510,173,<1,134,8,20%,
Zhen's Taro Treasure,Large,70%,0,29,25,0,15,510,168,<1,129,8,20%,
Zhen's Taro Treasure,Large,50%,0,29,25,0,15,510,164,<1,126,8,20%,
Zhen's Taro Treasure,Large,30%,0,29,25,0,15,510,161,<1,123,8,20%,
Zhen's Taro Treasure,Large,0%,0,29,25,0,15,510,155,<1,118,8,20%,
Chameleon's Sesame Matcha,Medium,100%,0,12,5,0,30,130,77,1,53,13,15%,
Chameleon's Sesame Matcha,Large,100%,0,14,5,0,30,135,84,1,58,14,15%,
Cereal Milk Cronch,Medium,100%,0,10,1,0,0,250,57,2,30,4,15%,
Cereal Milk Cronch,Medium,70%,0,10,1,0,0,240,54,2,27,4,15%,
Cereal Milk Cronch,Medium,50%,0,10,1,0,0,240,50,2,24,4,15%,
Cereal Milk Cronch,Medium,30%,0,10,1,0,0,240,48,2,22,4,15%,
Cereal Milk Cronch,Medium,0%,0,10,1,0,0,240,43,2,18,4,15%,
Cereal Milk Cronch,Large,100%,0,14,1,0,0,330,77,3,40,5,20%,
Cereal Milk Cronch,Large,70%,0,13,1,0,0,330,71,3,35,5,20%,
Cereal Milk Cronch,Large,50%,0,13,1,0,0,330,68,3,32,5,20%,
Cereal Milk Cronch,Large,30%,0,13,1,0,0,330,65,3,28,5,20%,
Cereal Milk Cronch,Large,0%,0,13,1,0,0,330,59,3,24,5,20%,
Cereal Milk Cronch,Hot,100%,0,14,1,0,0,330,72,3,35,5,20%,
Cereal Milk Cronch,Hot,70%,0,14,1,0,0,330,68,3,32,5,20%,
Cereal Milk Cronch,Hot,50%,0,13,1,0,0,330,65,3,29,5,20%,
Cereal Milk Cronch,Hot,30%,0,13,1,0,0,330,63,3,27,5,20%,
Cereal Milk Cronch,Hot,0%,0,13,1,0,0,330,60,3,24,5,20%,
Chai Milk Tea,Medium,100%,0,5,1,0,0,55,35,0,29,1,10%,
Chai Milk Tea,Medium,70%,0,5,1,0,0,55,27,0,21,1,10%,
Chai Milk Tea,Medium,50%,0,4,1,0,0,55,21,0,16,1,10%,
Chai Milk Tea,Medium,30%,0,4,1,0,0,55,18,0,13,1,10%,
Chai Milk Tea,Medium,0%,0,4,1,0,0,55,9,0,5,1,10%,
Chai Milk Tea,Large,100%,0,6,1,0,0,75,47,<1,39,1,15%,
Chai Milk Tea,Large,70%,0,6,1,0,0,75,37,<1,30,1,15%,
Chai Milk Tea,Large,50%,0,6,1,0,0,75,30,<1,23,1,15%,
Chai Milk Tea,Large,30%,0,6,1,0,0,75,25,<1,19,1,15%,
Chai Milk Tea,Large,0%,0,6,1,0,0,75,13,<1,7,1,15%,
Chai Milk Tea,Hot,100%,0,8,1,0,0,100,51,<1,41,2,20%,
Chai Milk Tea,Hot,70%,0,8,1,0,0,95,41,<1,32,2,20%,
Chai Milk Tea,Hot,50%,0,8,1,0,0,95,34,<1,26,2,20%,
Chai Milk Tea,Hot,30%,0,7,1,0,0,95,29,<1,21,2,20%,
Chai Milk Tea,Hot,0%,0,7,1,0,0,95,17,<1,9,2,20%,
Ginger Milk,Medium,100%,0,4,1,0,0,65,46,0,39,1,10%,
Ginger Milk,Medium,70%,0,4,1,0,0,60,37,0,30,1,10%,
Ginger Milk,Large,100%,0,6,1,0,0,90,64,<1,55,1,15%,
Ginger Milk,Large,70%,0,6,1,0,0,90,55,<1,46,1,15%,
Ginger Milk,Hot,100%,0,7,1,0,0,115,68,<1,57,2,20%,
Ginger Milk,Hot,70%,0,5,0,0,0,110,60,0,51,2,15%,
Cocoa Cream Wow,Medium,100%,0,10,2,0,0,160,123,1,43,3,35%,
Cocoa Cream Wow,Large/Hot,100%,0,17,3,0,0,270,188,2,66,4,60%,
Oreo Wow,Medium,100%,0,21,4,0,0,310,106,3,46,5,40%,
Oreo Wow,Large/Hot,100%,0,30,5,0,0,450,154,4,67,7,60%,
Red Bean Wow,Medium,100%,0,14,2,0,0,190,108,3,51,5,40%,
Red Bean Wow,Large/Hot,100%,0,20,3,0,0,290,162,5,76,8,60%,
Herbal Jelly Wow,Medium,100%,0,10,2,0,0,480,125,1,71,3,30%,
Herbal Jelly Wow,Large/Hot,100%,0,17,3,0,0,570,165,2,87,4,50%,
Strawberry Milk Slush,Medium,100%,0,6,1,0,0,125,80,<1,58,1,15%,
Strawberry Milk Slush,Medium,70%,0,6,1,0,0,110,60,<1,43,1,15%,
Strawberry Milk Slush,Large,100%,0,8,1,0,0,180,116,1,83,2,20%,
Strawberry Milk Slush,Large,70%,0,8,1,0,0,170,101,1,73,2,20%,
Coffee Latte,Medium,100%,0,4,1,0,0,55,23,0,18,1,10%,
Coffee Latte,Medium,70%,0,4,1,0,0,55,20,0,15,1,10%,
Coffee Latte,Medium,50%,0,4,1,0,0,55,16,0,12,1,10%,
Coffee Latte,Medium,30%,0,4,1,0,0,55,14,0,10,1,10%,
Coffee Latte,Medium,0%,0,4,1,0,0,55,9,0,5,1,10%,
Coffee Latte,Large,100%,0,6,1,0,0,75,33,<1,26,1,15%,
Coffee Latte,Large,70%,0,6,1,0,0,75,27,<1,20,1,15%,
Coffee Latte,Large,50%,0,6,1,0,0,75,23,<1,17,1,15%,
Coffee Latte,Large,30%,0,6,1,0,0,75,20,<1,14,1,15%,
Coffee Latte,Large,0%,0,6,1,0,0,75,13,<1,7,1,15%,
Coffee Latte,Hot,100%,0,7,1,0,0,95,27,<1,19,2,20%,
Coffee Latte,Hot,70%,0,7,1,0,0,95,24,<1,16,2,20%,
Coffee Latte,Hot,50%,0,7,1,0,0,95,22,<1,14,2,20%,
Coffee Latte,Hot,30%,0,7,1,0,0,95,20,<1,12,2,20%,
Coffee Latte,Hot,0%,0,7,1,0,0,95,17,<1,9,2,20%,
Cappuccino,Medium,100%,0,4,1,0,0,55,23,<1,18,1,10%,
Cappuccino,Medium,70%,0,4,1,0,0,55,20,<1,15,1,10%,
Cappuccino,Medium,50%,0,4,1,0,0,55,17,<1,12,1,10%,
Cappuccino,Medium,30%,0,4,1,0,0,55,14,<1,10,1,10%,
Cappuccino,Medium,0%,0,4,1,0,0,55,9,<1,5,1,10%,
Cappuccino,Large,100%,0,6,1,0,0,75,31,1,23,1,15%,
Cappuccino,Large,70%,0,6,1,0,0,75,25,1,18,1,15%,
Cappuccino,Large,50%,0,6,1,0,0,75,23,1,15,1,15%,
Cappuccino,Large,30%,0,6,1,0,0,75,19,1,12,1,15%,
Cappuccino,Large,0%,0,6,1,0,0,75,14,1,7,1,15%,
Cappuccino,Hot,100%,0,7,1,0,0,95,28,1,19,2,20%,
Cappuccino,Hot,70%,0,7,1,0,0,95,24,1,16,2,20%,
Cappuccino,Hot,50%,0,7,1,0,0,95,22,1,14,2,20%,
Cappuccino,Hot,30%,0,7,1,0,0,95,21,1,12,2,20%,
Cappuccino,Hot,0%,0,7,1,0,0,95,17,1,9,2,20%,
Italian Mocha,Medium,100%,0,4,1,0,0,65,35,1,28,1,10%,
Italian Mocha,Medium,70%,0,4,1,0,0,65,31,1,24,1,10%,
Italian Mocha,Medium,30%/50%,0,4,1,0,0,60,30,0,23,1,10%,
Italian Mocha,Medium,0%,0,4,1,0,0,60,27,0,20,1,10%,
Italian Mocha,Large,100%,0,6,1,0,0,90,59,<1,47,1,15%,
Italian Mocha,Large,70%,0,6,1,0,0,90,55,<1,44,1,15%,
Italian Mocha,Large,50%,0,6,1,0,0,90,52,<1,40,1,15%,
Italian Mocha,Large,30%,0,6,1,0,0,90,49,<1,38,1,15%,
Italian Mocha,Large,0%,0,6,1,0,0,90,45,<1,34,1,15%,
Italian Mocha,Hot,100%,0,7,1,0,0,110,48,<1,36,2,20%,
Italian Mocha,Hot,70%,0,7,1,0,0,110,47,<1,35,2,20%,
Melon Milk Tea,Medium,100%,0,11,10,0,0,65,58,0,40,<1,6%,
Melon Milk Tea,Medium,70%,0,11,10,0,0,65,54,0,37,<1,6%,
Melon Milk Tea,Medium,30%/50%,0,11,10,0,0,65,53,0,36,<1,6%,
Melon Milk Tea,Medium,0%,0,11,10,0,0,65,49,0,33,<1,6%,
Melon Milk Tea,Large,100%,0,16,15,0,0,95,81,0,57,1,10%,
Melon Milk Tea,Large,70%,0,16,15,0,0,95,76,0,52,1,10%,
Melon Milk Tea,Large,50%,0,16,15,0,0,95,73,0,49,1,10%,
Melon Milk Tea,Large,30%,0,16,15,0,0,95,69,0,45,1,10%,
Melon Milk Tea,Large,0%,0,16,15,0,0,90,64,0,41,1,10%,
Melon Mania,Medium,100%,0,11,10,0,0,65,64,0,47,<1,6%,
Melon Mania,Medium,70%,0,11,10,0,0,65,61,0,44,<1,6%,
Melon Mania,Medium,30%/50%,0,11,10,0,0,65,58,0,42,<1,6%,
Melon Mania,Medium,0%,0,11,10,0,0,65,55,0,39,<1,6%,
Melon Mania,Large,100%,0,16,15,0,0,95,84,0,60,1,10%,
Melon Mania,Large,70%,0,16,15,0,0,95,81,0,56,1,10%,
Melon Mania,Large,50%,0,16,15,0,0,95,78,0,54,1,10%,
Melon Mania,Large,30%,0,16,15,0,0,95,76,0,52,1,10%,
Melon Mania,Large,0%,0,16,15,0,0,90,71,0,47,1,10%,
Plain Croffle,3,100%,270,15,9,0,0,290,30,0,6,6,-%,
Cinnamon Sugar Croffle,3,100%,290,15,9,0,0,290,35,2,9,6,2%,
Chocolate Croffle,3,100%,300,15,9,0,0,290,39,0,13,6,-%,
S'mores Croffe,3,100%,440,17,9,0,0,400,68,<1,27,8,-%,
Wake Up Call Croffle,3,100%,430,19,11,0,<5,350,61,0,32,7,0%,
The Ultimate Boba Buddy Croffle,3,100%,520,18,10,0,<5,360,84,0,22,6,6%,
Mango Croffle,3,100%,310,17,10,0,0,290,35,0,9,6,0%,
Strawberry Croffle,3,100%,310,17,10,0,0,290,34,0,7,6,0%,
Banana Croffle,3,100%,320,17,10,0,0,290,37,<1,8,6,0%,
Winter Melon Tea Cap,Medium,100%,120,13,6,0,15,250,74,0,62,2,0%,
Winter Melon Tea Cap,Medium,70%,120,13,6,0,15,250,50,0,37,2,0%,
Winter Melon Tea Cap,Medium,50%,120,13,6,0,15,250,43,0,30,2,0%,
Winter Melon Tea Cap,Medium,30%,120,13,6,0,15,250,39,0,27,2,0%,
Winter Melon Tea Cap,Large,100%,230,26,11,0,30,500,99,0,74,4,4%,
Winter Melon Tea Cap,Large,70%,230,26,11,0,30,490,85,0,61,4,4%,
Winter Melon Tea Cap,Large,50%,230,26,11,0,30,490,65,0,40,4,4%,
Winter Melon Tea Cap,Large,30%,230,26,11,0,30,490,57,0,32,4,4%,
Winter Melon Tea Cap,Hot,100%,230,26,11,0,30,500,112,0,88,4,4%,
Winter Melon Tea Cap,Hot,70%,230,26,11,0,30,490,80,0,65,4,4%,
Winter Melon Tea Cap,Hot,50%,230,26,11,0,30,490,72,0,47,4,4%,
Winter Melon Tea Cap,Hot,30%,230,26,11,0,30,490,58,0,33,4,4%,
Honey Black/Green/Oolong Tea Cap,Medium,100%,120,13,6,0,15,240,52,0,35,2,0%,
Honey Black/Green/Oolong Tea Cap,Medium,70%,120,13,6,0,15,240,42,0,26,2,0%,
Honey Black/Green/Oolong Tea Cap,Medium,50%,120,13,6,0,15,240,37,0,22,2,0%,
Honey Black/Green/Oolong Tea Cap,Medium,30%,120,13,6,0,15,240,29,0,15,2,0%,
Honey Black/Green/Oolong Tea Cap,Large,100%,230,26,11,0,30,480,84,0,52,4,4%,
Honey Black/Green/Oolong Tea Cap,Large,70%,230,26,11,0,30,480,73,0,43,4,4%,
Honey Black/Green/Oolong Tea Cap,Large,50%,230,26,11,0,30,480,62,0,34,4,4%,
Honey Black/Green/Oolong Tea Cap,Large,30%,230,26,11,0,30,480,55,0,27,4,4%,
Honey Black/Green/Oolong Tea Cap,Hot,100%,230,26,11,0,30,480,84,0,52,4,4%,
Honey Black/Green/Oolong Tea Cap,Hot,70%,230,26,11,0,30,480,73,0,43,4,4%,
Honey Black/Green/Oolong Tea Cap,Hot,50%,230,26,11,0,30,480,62,0,34,4,4%,
Honey Black/Green/Oolong Tea Cap,Hot,30%,230,26,11,0,30,480,55,0,27,4,4%,
Sunshine Pineapple Cap,Medium,100%,120,13,6,0,15,240,16,0,3,2,0%,
Sunshine Pineapple Cap,Medium,70%,120,13,6,0,15,240,16,0,3,2,0%,
Sunshine Pineapple Cap,Medium,50%,120,13,6,0,15,240,16,0,3,2,0%,
Sunshine Pineapple Cap,Large,100%,230,26,11,0,30,480,31,0,6,4,4%,
Sunshine Pineapple Cap,Large,70%,230,26,11,0,30,480,31,0,6,4,4%,
Sunshine Pineapple Cap,Large,50%,230,26,11,0,30,480,31,0,6,4,4%,
Matcha Milk Cap,Medium,100%,230,26,15,0,45,390,90,0,58,10,20%,
Matcha Milk Cap,Medium,70%,230,26,15,0,45,390,84,0,52,10,20%,
Matcha Milk Cap,Medium,50%,230,26,15,0,45,390,79,0,47,10,20%,
Matcha Milk Cap,Medium,30%,230,25,15,0,45,390,76,0,44,10,20%,
Matcha Milk Cap,Medium,0%,230,25,15,0,45,390,69,0,37,10,20%,
Matcha Milk Cap,Large,100%,390,42,23,0,70,680,130,0,78,14,30%,
Matcha Milk Cap,Large,70%,390,42,23,0,70,680,120,0,69,14,30%,
Matcha Milk Cap,Large,50%,390,42,23,0,70,680,115,0,65,14,30%,
Matcha Milk Cap,Large,30%,390,45,23,0,70,680,111,0,61,14,30%,
Matcha Milk Cap,Large,0%,390,42,23,0,70,680,101,0,52,14,30%,
Matcha Milk Cap,Hot,100%,350,38,20,0,65,640,102,0,62,13,30%,
Matcha Milk Cap,Hot,70%,350,38,20,0,65,640,92,0,52,13,30%,
Matcha Milk Cap,Hot,50%,350,38,20,0,65,640,87,0,48,13,30%,
Matcha Milk Cap,Hot,30%,350,38,20,0,65,640,83,0,45,13,30%,
Matcha Milk Cap,Hot,0%,330,36,19,0,60,620,70,0,33,11,25%,
Cocoa Cream Wow Cap,Medium,100%,270,30,17,0,90,510,44,0,28,19,50%,
Cocoa Cream Wow Cap,Large,100%,440,50,26,0,135,850,70,0,42,27,70%,
Cocoa Cream Wow Cap,Hot,100%,410,46,24,0,120,800,64,0,36,24,60%,
Sakura Strawberry Chocolate Blast,Medium,100%,20,2,2,0,0,105,133,3,102,<1,6%,
Sakura Strawberry Chocolate Blast,Medium,70%,20,2,2,0,0,105,121,3,90,<1,6%,
Sakura Strawberry Chocolate Blast,Medium,50%,20,2,2,0,0,105,114,3,83,<1,6%,
Sakura Strawberry Chocolate Blast,Medium,30%,20,2,2,0,0,105,109,3,78,<1,6%,
Sakura Strawberry Chocolate Blast,Medium,0%,20,2,2,0,0,105,97,3,67,<1,6%,
Sakura Strawberry Chocolate Blast,Large,100%,25,3,3,0,0,135,176,3,134,1,10%,
Sakura Strawberry Chocolate Blast,Large,70%,25,3,3,0,0,135,162,3,121,1,10%,
Sakura Strawberry Chocolate Blast,Large,50%,25,3,3,0,0,135,152,3,111,1,10%,
Sakura Strawberry Chocolate Blast,Large,30%,25,3,3,0,0,135,143,3,102,1,10%,
Sakura Strawberry Chocolate Blast,Large,0%,25,3,3,0,0,135,129,3,88,1,10%,
Fu-Tune Purple Yam Swirl,Medium,100%,210,23,10,0,35,430,96,0,68,5,10%,
Fu-Tune Purple Yam Swirl,Medium,70%,210,23,10,0,35,430,81,0,54,5,10%,
Fu-Tune Purple Yam Swirl,Medium,50%,210,23,10,0,35,430,72,0,45,5,10%,
Fu-Tune Purple Yam Swirl,Medium,30%,210,23,10,0,35,430,63,0,36,5,10%,
Fu-Tune Purple Yam Swirl,Medium,0%,210,23,10,0,35,430,48,0,21,5,10%,
Fu-Tune Purple Yam Swirl,Large,100%,260,29,13,0,45,540,120,0,86,7,15%,
Fu-Tune Purple Yam Swirl,Large,70%,260,29,13,0,45,540,101,0,67,7,15%,
Fu-Tune Purple Yam Swirl,Large,50%,260,29,13,0,45,540,90,0,56,7,15%,
Fu-Tune Purple Yam Swirl,Large,30%,260,29,13,0,45,540,80,0,46,7,15%,
Fu-Tune Purple Yam Swirl,Large,0%,260,29,13,0,45,540,61,0,28,7,15%,
Panda Pudding Shake,Medium,100%,51,5,4,0,20,135,90,2,68,5,4%,
Panda Pudding Shake,Medium,70%,51,5,4,0,20,135,84,2,62,5,4%,
Panda Pudding Shake,Medium,50%,51,5,4,0,20,135,81,2,60,5,4%,
Panda Pudding Shake,Medium,30%,51,5,4,0,20,135,65,2,57,5,4%,
Panda Pudding Shake,Medium,0%,51,5,4,0,20,135,67,2,53,5,4%,
Panda Pudding Shake,Large,100%,70,7,5,0,30,169,100,2,78,7,4%,
Panda Pudding Shake,Large,70%,70,7,5,0,30,169,93,2,71,7,4%,
Panda Pudding Shake,Large,50%,70,7,5,0,30,169,89,2,67,7,4%,
Panda Pudding Shake,Large,30%,70,7,5,0,30,169,84,2,62,7,4%,
Panda Pudding Shake,Large,0%,70,7,5,0,30,169,77,2,55,7,4%,
Lemon Black Tea/Green Tea,Medium,0%,0,0,0,0,0,0,<1,0,0,0,0%,
Lemon Black Tea/Green Tea,Medium,30%,0,0,0,0,0,0,15,0,14,0,0%,
Lemon Black Tea/Green Tea,Medium,50%,0,0,0,0,0,0,24,0,23,0,0%,
Lemon Black Tea/Green Tea,Medium,70%,0,0,0,0,0,0,33,0,32,0,0%,
Lemon Black Tea/Green Tea,Medium,100%,0,0,0,0,0,0,47,0,46,0,0%,
Lemon Black Tea/Green Tea,Large,0%,0,0,0,0,0,0,1,0,0,0,0%,
Lemon Black Tea/Green Tea,Large,30%,0,0,0,0,0,0,17,0,16,0,0%,
Lemon Black Tea/Green Tea,Large,50%,0,0,0,0,0,0,29,0,28,0,0%,
Lemon Black Tea/Green Tea,Large,70%,0,0,0,0,0,0,43,0,42,0,0%,
Lemon Black Tea/Green Tea,Large,100%,0,0,0,0,0,0,62,0,60,0,0%,
Rosehip Pineapple,Medium,70%,0,0,0,0,0,10,19,0,19,0,0%,
Rosehip Pineapple,Medium,100%,0,0,0,0,0,14,27,0,27,0,0%,
Rosehip Pineapple,Large,70%,0,0,0,0,0,16,30,0,30,0,0%,
Rosehip Pineapple,Large,100%,0,0,0,0,0,21,41,0,41,0,0%,
Peppermint Milk Tea,Medium,100%,26,3,3,0,1,186,81,3,46,2,8%,
Peppermint Milk Tea,Medium,70%,26,3,3,0,1,171,73,3,29,2,8%,
Peppermint Milk Tea,Large,100%,30,3,3,0,1,233,102,4,60,3,8%,
Peppermint Milk Tea,Large,70%,31,3,3,0,1,217,95,4,53,3,8%,
Peppermint Milk Tea,Hot,100%,37,12,11,0,1,320,119,7,58,6,10%,
Peppermint Milk Tea,Hot,70%,37,12,11,0,1,304,112,7,51,5,10%,
Caramel Milk Tea,Medium,100%,25,3,3,0,0,100,61,3,26,1,10%,
Caramel Milk Tea,Medium,70%,25,3,3,0,0,100,55,3,21,1,10%,
Caramel Milk Tea,Large,100%,40,4,4,0,0,150,87,5,35,2,15%,
Caramel Milk Tea,Large,70%,40,4,4,0,0,150,83,5,32,2,15%,
Yogurt Lemonade,Medium,0%,0,0,0,0,0,30,32,0,0,2,5%,
Yogurt Lemonade,Medium,30%,0,0,0,0,0,30,42,0,33,2,5%,
Yogurt Lemonade,Medium,50%,0,0,0,0,0,30,55,1,0,3,8%,
Yogurt Lemonade,Medium,70%,0,0,0,0,0,30,65,1,55,3,8%,
Yogurt Lemonade,Medium,100%,0,0,0,0,0,30,79,1,69,3,8%,
Yogurt Lemonade,Large,0%,0,0,0,0,0,45,46,0,34,4,10%,
Yogurt Lemonade,Large,30%,0,0,0,0,0,45,65,0,52,4,10%,
Yogurt Lemonade,Large,50%,0,0,0,0,0,45,74,0,61,4,10%,
Yogurt Lemonade,Large,70%,0,0,0,0,0,45,84,0,71,4,10%,
Yogurt Lemonade,Large,100%,0,0,0,0,0,45,103,0,89,4,10%,
Yogurt Peach-ade,Medium,70%,2,0,0,0,0,16,44,0,30,2,4%,
Yogurt Peach-ade,Medium,100%,2,0,0,0,0,17,60,0,38,2,4%,
Yogurt Peach-ade,Large,70%,2,0,0,0,0,32,71,0,48,3,6%,
Yogurt Peach-ade,Large,100%,3,0,0,0,0,33,84,0,56,3,6%,
Winter Melon Lemonade,Medium,70%,0,0,0,0,0,10,39,0,36,0,0%,
Winter Melon Lemonade,Medium,100%,0,0,0,0,0,15,63,0,60,0,0%,
Winter Melon Lemonade,Large,70%,0,0,0,0,0,10,57,0,53,0,1%,
Winter Melon Lemonade,Large,100%,0,0,0,0,0,15,74,0,70,0,1%,
Pumpkin Spice Latte,Medium,100%,96,10,6,0,43,213,62,0,63,12,30%,
Pumpkin Spice Latte,Medium,70%,94,10,6,0,43,194,50,0,46,11,30%,
Pumpkin Spice Latte,Large,100%,114,12,7,0,51,258,81,0,74,14,35%,
Pumpkin Spice Latte,Large,70%,111,12,7,0,51,239,69,0,63,13,35%,
Pumpkin Spice Latte,Hot,100%,82,9,5,0,36,198,67,0,61,10,25%,
Pumpkin Spice Latte,Hot,70%,80,9,5,0,36,179,55,0,50,9,25%,
Pumpkin Oolong Milk Tea,Medium,70%,41,4,3,0,21,173,59,0,55,6,20%,
Pumpkin Oolong Milk Tea,Medium,100%,41,4,3,0,21,223,85,0,79,7,20%,
Pumpkin Oolong Milk Tea,Large,70%,52,5,4,0,27,244,87,0,81,8,20%,
Pumpkin Oolong Milk Tea,Large,100%,52,5,4,0,27,294,113,0,105,9,20%,
Pumpkin Oolong Milk Tea,Hot,70%,58,6,4,0,30,254,88,0,82,9,25%,
Pumpkin Oolong Milk Tea,Hot,100%,58,6,4,0,30,304,114,0,106,10,25%,
Pumpkin Coffee,Medium,100%,25,2,2,0,1,134,67,2,39,2,6%,
Pumpkin Coffee,Medium,70%,23,2,2,0,1,114,54,2,27,2,6%,
Pumpkin Coffee,Large,100%,34,3,2,0,1,179,89,3,52,3,8%,
Pumpkin Coffee,Large,70%,31,3,2,0,1,159,76,3,40,2,8%,
Pumpkin Coffee,Hot,100%,27,3,2,0,1,146,74,2,46,2,6%,
Pumpkin Coffee,Hot,70%,24,2,2,0,1,126,61,2,34,2,6%,
Pumpkin Slush,Medium,100%,35,4,2,0,1,194,107,3,69,4,8%,
Pumpkin Slush,Medium,70%,33,4,2,0,1,175,95,3,58,4,8%,
Pumpkin Slush,Large,100%,53,5,4,0,1,274,146,5,86,5,10%,
Pumpkin Slush,Large,70%,1,5,4,0,1,255,134,5,75,4,10%,
Coco-Almond Slush,Medium,100%,270,31,23,0,0,85,77,2,37,2,10%,
Coco-Almond Slush,Large,100%,360,40,30,0,0,100,101,2,53,2,10%,
Mango Creamsicle,Medium,100%,30,4,4,0,0,135,98,4,48,2,10%,
Mango Creamsicle,Medium,70%,30,4,4,0,0,135,98,4,48,2,10%,
Mango Creamsicle,Large,100%,40,5,5,0,0,170,125,6,62,2,15%,
Mango Creamsicle,Large,70%,40,5,5,0,0,170,125,6,62,2,15%,
Lemon-Almond Pie,Medium,100%,50,6,4,0,0,250,128,5,73,3,10%,
Lemon-Almond Pie,Large,100%,60,7,5,0,0,290,160,6,92,3,15%,
Mint Oreo Slush,Medium,100%,45,5,4,0,7,304,115,3,79,6,100%,
Mint Oreo Slush,Medium,70%,45,5,4,0,7,278,103,3,67,5,100%,
Mint Oreo Slush,Large,100%,61,7,5,0,9,406,150,4,76,8,15%,
Mint Oreo Slush,Large,70%,61,7,5,0,9,380,138,4,94,7,15%,
Strawberry Cream,Large,100%,65,23,10,0,30,448,100,1,76,3,4%,
Mango Cream,Large,100%,210,0,0,0,0,440,82,0,64,0,4%,
Winter Melon Oolong Tea,Medium,30%,0,0,0,0,0,2,9,0,9,0,0%,
Winter Melon Oolong Tea,Medium,50%,0,0,0,0,0,3,15,0,14,0,0%,
Winter Melon Oolong Tea,Medium,70%,0,0,0,0,0,4,19,0,17,0,0%,
Winter Melon Oolong Tea,Medium,100%,0,0,0,0,0,6,28,0,26,0,0%,
Winter Melon Oolong Tea,Large,30%,0,0,0,0,0,2,11,0,10,0,0%,
Winter Melon Oolong Tea,Large,50%,0,0,0,0,0,4,19,0,17,0,0%,
Winter Melon Oolong Tea,Large,70%,0,0,0,0,0,5,26,0,24,0,0%,
Winter Melon Oolong Tea,Large,100%,0,0,0,0,0,7,37,0,34,0,0%,
Winter Melon Oolong Tea,Hot,30%,0,0,0,0,0,3,13,0,12,0,0%,
Winter Melon Oolong Tea,Hot,50%,0,0,0,0,0,4,23,0,21,0,0%,
Winter Melon Oolong Tea,Hot,70%,0,0,0,0,0,6,28,0,26,0,0%,
Winter Melon Oolong Tea,Hot,100%,0,0,0,0,0,8,41,0,38,0,0%,
Jujube Milk Tea,Medium,70%,20,2,2,0,0,90,260,3,61,<1,6%,
Jujube Milk Tea,Medium,100%,20,2,2,0,0,90,298,3,70,<1,6%,
Jujube Milk Tea,Large,70%,35,4,4,0,0,150,319,4,73,1,10%,
Jujube Milk Tea,Large,100%,35,4,4,0,0,150,418,4,98,1,10%,
Jujube Milk Tea,Hot,70%,35,4,4,0,0,150,319,4,73,1,10%,
Jujube Milk Tea,Hot,100%,35,4,4,0,0,150,418,4,98,1,10%,
Winter Melon Coconut Milk Tea,Medium,70%,130,16,13,0,0,75,55,5,32,2,4%,
Winter Melon Coconut Milk Tea,Medium,100%,130,16,13,0,0,75,61,5,38,2,4%,
Winter Melon Coconut Milk Tea,Large,70%,180,23,20,0,0,105,74,8,40,3,6%,
Winter Melon Coconut Milk Tea,Large,100%,180,23,20,0,0,110,98,5,65,3,6%,
Yogurt Strawberry Lemonade,Medium,70%,0,0,0,0,0,35,36,0,28,1,4%,
Yogurt Strawberry Lemonade,Medium,100%,0,0,0,0,0,40,46,0,35,1,4%,
Yogurt Strawberry Lemonade,Large,70%,0,0,0,0,0,55,62,0,47,2,8%,
Yogurt Strawberry Lemonade,Large,100%,0,0,0,0,0,70,76,0,58,2,8%,
Winter Melon Milk,Medium,70%,35,4,3,0,20,70,41,0,40,4,10%,
Winter Melon Milk,Medium,100%,35,4,3,0,20,75,65,0,64,4,10%,
Winter Melon Milk,Large,70%,50,6,4,0,25,100,60,0,60,6,15%,
Winter Melon Milk,Large,100%,50,6,4,0,25,105,77,0,77,6,15%,
Winter Melon Milk,Hot,70%,70,7,5,0,30,130,70,0,70,7,20%,
Winter Melon Milk,Hot,100%,70,7,5,0,30,135,94,0,93,7,20%,
Blue Island Punch,Large,70%,0,0,0,0,0,90,49,0,39,0,0%,
Blue Island Punch,Large,100%,0,0,0,0,0,95,65,0,51,0,1%,
Gingerbread Milk Tea,Medium,70%,0,8,7,0,0,105,58,1,43,<1,6%,
Gingerbread Milk Tea,Medium,100%,0,8,7,0,0,105,66,1,50,<1,6%,
Gingerbread Milk Tea,Large,70%,0,11,10,0,0,140,87,1,64,1,8%,
Gingerbread Milk Tea,Large,100%,0,11,10,0,0,140,95,1,72,1,8%,
Gingerbread Milk Tea,Hot,70%,0,16,15,0,0,170,96,2,67,1,10%,
Gingerbread Milk Tea,Hot,100%,0,16,15,0,0,170,104,2,73,1,10%,
Gingerbread Slush,Medium,50%/30%/0%,0,16,15,0,0,170,95,2,64,1,10%,
Gingerbread Slush,Medium,70%,0,16,15,0,0,170,98,2,67,1,10%,
Gingerbread Slush,Medium,100%,0,16,15,0,0,170,100,2,69,1,10%,
Gingerbread Slush,Large,0%,0,19,18,0,0,230,134,2,94,2,15%,
Gingerbread Slush,Large,30%/50%,0,19,18,0,0,230,138,2,98,2,15%,
Gingerbread Slush,Large,70%,0,19,18,0,0,230,139,2,99,2,15%,
Gingerbread Slush,Large,100%,0,19,18,0,0,230,143,2,102,2,15%,